id,city,date,player_of_match,venue,neutral_venue,team1,team2,toss_winner,toss_decision,winner,result,result_margin,eliminator,method,umpire1,umpire2
335982,Bangalore,18-04-2008,BB McCullum,M Chinnaswamy Stadium,0,RCB,KKR,RCB,field,KKR,runs,140,N,,Asad Rauf,RE Koertzen
335983,Chandigarh,19-04-2008,MEK Hussey,"Punjab Cricket Association Stadium, Mohali",0,KXIP,CSK,CSK,bat,CSK,runs,33,N,,MR Benson,SL Shastri
335984,Delhi,19-04-2008,MF Maharoof,Feroz Shah Kotla,0,DD,RR,RR,bat,DD,wickets,9,N,,Aleem Dar,GA Pratapkumar
335985,Mumbai,20-04-2008,MV Boucher,Wankhede Stadium,0,MI,RCB,MI,bat,RCB,wickets,5,N,,SJ Davis,DJ Harper
335986,Kolkata,20-04-2008,DJ Hussey,Eden Gardens,0,KKR,SRH,SRH,bat,KKR,wickets,5,N,,BF Bowden,K Hariharan
335987,Jaipur,21-04-2008,SR Watson,Sawai Mansingh Stadium,0,RR,KXIP,KXIP,bat,RR,wickets,6,N,,Aleem Dar,RB Tiffin
335988,Hyderabad,22-04-2008,V Sehwag,"Rajiv Gandhi International Stadium, Uppal",0,SRH,DD,SRH,bat,DD,wickets,9,N,,IL Howell,AM Saheba
335989,Chennai,23-04-2008,ML Hayden,"MA Chidambaram Stadium, Chepauk",0,CSK,MI,MI,field,CSK,runs,6,N,,DJ Harper,GA Pratapkumar
335990,Hyderabad,24-04-2008,YK Pathan,"Rajiv Gandhi International Stadium, Uppal",0,SRH,RR,RR,field,RR,wickets,3,N,,Asad Rauf,MR Benson
335991,Chandigarh,25-04-2008,KC Sangakkara,"Punjab Cricket Association Stadium, Mohali",0,KXIP,MI,MI,field,KXIP,runs,66,N,,Aleem Dar,AM Saheba
335992,Bangalore,26-04-2008,SR Watson,M Chinnaswamy Stadium,0,RCB,RR,RR,field,RR,wickets,7,N,,MR Benson,IL Howell
335993,Chennai,26-04-2008,JDP Oram,"MA Chidambaram Stadium, Chepauk",0,CSK,KKR,KKR,bat,CSK,wickets,9,N,,BF Bowden,AV Jayaprakash
335994,Mumbai,27-04-2008,AC Gilchrist,Dr DY Patil Sports Academy,0,MI,SRH,SRH,field,SRH,wickets,10,N,,Asad Rauf,SL Shastri
335995,Chandigarh,27-04-2008,SM Katich,"Punjab Cricket Association Stadium, Mohali",0,KXIP,DD,DD,bat,KXIP,wickets,4,N,,RE Koertzen,I Shivram
335996,Bangalore,28-04-2008,MS Dhoni,M Chinnaswamy Stadium,0,RCB,CSK,CSK,bat,CSK,runs,13,N,,BR Doctrove,RB Tiffin
335997,Kolkata,29-04-2008,ST Jayasuriya,Eden Gardens,0,KKR,MI,KKR,bat,MI,wickets,7,N,,BF Bowden,AV Jayaprakash
335998,Delhi,30-04-2008,GD McGrath,Feroz Shah Kotla,0,DD,RCB,RCB,field,DD,runs,10,N,,Aleem Dar,I Shivram
335999,Hyderabad,01-05-2008,SE Marsh,"Rajiv Gandhi International Stadium, Uppal",0,SRH,KXIP,KXIP,field,KXIP,wickets,7,N,,BR Doctrove,RB Tiffin
336000,Jaipur,01-05-2008,SA Asnodkar,Sawai Mansingh Stadium,0,RR,KKR,RR,bat,RR,runs,45,N,,RE Koertzen,GA Pratapkumar
336001,Chennai,02-05-2008,V Sehwag,"MA Chidambaram Stadium, Chepauk",0,CSK,DD,CSK,bat,DD,wickets,8,N,,BF Bowden,K Hariharan
336002,Hyderabad,25-05-2008,R Vinay Kumar,"Rajiv Gandhi International Stadium, Uppal",0,SRH,RCB,SRH,bat,RCB,wickets,5,N,,Asad Rauf,RE Koertzen
336003,Chandigarh,03-05-2008,IK Pathan,"Punjab Cricket Association Stadium, Mohali",0,KXIP,KKR,KXIP,bat,KXIP,runs,9,N,,DJ Harper,I Shivram
336004,Mumbai,04-05-2008,SM Pollock,Dr DY Patil Sports Academy,0,MI,DD,DD,field,MI,runs,29,N,,IL Howell,RE Koertzen
336005,Jaipur,04-05-2008,Sohail Tanvir,Sawai Mansingh Stadium,0,RR,CSK,CSK,bat,RR,wickets,8,N,,Asad Rauf,AV Jayaprakash
336006,Bangalore,05-05-2008,S Sreesanth,M Chinnaswamy Stadium,0,RCB,KXIP,KXIP,field,KXIP,wickets,6,N,,SJ Davis,BR Doctrove
336007,Chennai,06-05-2008,AC Gilchrist,"MA Chidambaram Stadium, Chepauk",0,CSK,SRH,SRH,field,SRH,wickets,7,N,,MR Benson,RB Tiffin
336008,Mumbai,07-05-2008,A Nehra,Dr DY Patil Sports Academy,0,MI,RR,MI,field,MI,wickets,7,N,,DJ Harper,RE Koertzen
336009,Delhi,08-05-2008,MS Dhoni,Feroz Shah Kotla,0,DD,CSK,CSK,field,CSK,wickets,4,N,,Aleem Dar,RB Tiffin
336010,Kolkata,08-05-2008,SC Ganguly,Eden Gardens,0,KKR,RCB,KKR,bat,KKR,runs,5,N,,Asad Rauf,IL Howell
336011,Jaipur,09-05-2008,YK Pathan,Sawai Mansingh Stadium,0,RR,SRH,RR,field,RR,wickets,8,N,,MR Benson,AM Saheba
336012,Bangalore,28-05-2008,CRD Fernando,M Chinnaswamy Stadium,0,RCB,MI,MI,field,MI,wickets,9,N,,BF Bowden,AV Jayaprakash
336013,Chennai,10-05-2008,L Balaji,"MA Chidambaram Stadium, Chepauk",0,CSK,KXIP,KXIP,field,CSK,runs,18,N,,AV Jayaprakash,BG Jerling
336014,Hyderabad,11-05-2008,SC Ganguly,"Rajiv Gandhi International Stadium, Uppal",0,SRH,KKR,KKR,bat,KKR,runs,23,N,,IL Howell,AM Saheba
336015,Jaipur,11-05-2008,SR Watson,Sawai Mansingh Stadium,0,RR,DD,RR,field,RR,wickets,3,N,,SJ Davis,RE Koertzen
336016,Chandigarh,12-05-2008,SE Marsh,"Punjab Cricket Association Stadium, Mohali",0,KXIP,RCB,RCB,bat,KXIP,wickets,9,N,,BR Doctrove,I Shivram
336017,Kolkata,13-05-2008,Shoaib Akhtar,Eden Gardens,0,KKR,DD,KKR,bat,KKR,runs,23,N,,Asad Rauf,IL Howell
336018,Mumbai,14-05-2008,ST Jayasuriya,Wankhede Stadium,0,MI,CSK,MI,field,MI,wickets,9,N,,BR Doctrove,AM Saheba
336019,Chandigarh,28-05-2008,SE Marsh,"Punjab Cricket Association Stadium, Mohali",0,KXIP,RR,RR,field,KXIP,runs,41,N,,SJ Davis,K Hariharan
336020,Delhi,15-05-2008,A Mishra,Feroz Shah Kotla,0,DD,SRH,SRH,field,DD,runs,12,N,,BG Jerling,GA Pratapkumar
336021,Mumbai,16-05-2008,SM Pollock,Wankhede Stadium,0,MI,KKR,MI,field,MI,wickets,8,N,,BR Doctrove,DJ Harper
336022,Delhi,17-05-2008,DPMD Jayawardene,Feroz Shah Kotla,0,DD,KXIP,DD,bat,KXIP,runs,6,N,D/L,AV Jayaprakash,RE Koertzen
336023,Jaipur,17-05-2008,GC Smith,Sawai Mansingh Stadium,0,RR,RCB,RCB,field,RR,runs,65,N,,BF Bowden,SL Shastri
336024,Hyderabad,18-05-2008,DJ Bravo,"Rajiv Gandhi International Stadium, Uppal",0,SRH,MI,SRH,field,MI,runs,25,N,,BR Doctrove,DJ Harper
336025,Kolkata,18-05-2008,M Ntini,Eden Gardens,0,KKR,CSK,KKR,bat,CSK,runs,3,N,D/L,Asad Rauf,K Hariharan
336026,Bangalore,19-05-2008,SP Goswami,M Chinnaswamy Stadium,0,RCB,DD,DD,field,DD,wickets,5,N,,SJ Davis,GA Pratapkumar
336027,Kolkata,20-05-2008,YK Pathan,Eden Gardens,0,KKR,RR,RR,field,RR,wickets,6,N,,BG Jerling,RE Koertzen
336028,Mumbai,21-05-2008,SE Marsh,Wankhede Stadium,0,MI,KXIP,MI,field,KXIP,runs,1,N,,BF Bowden,GA Pratapkumar
336029,Chennai,21-05-2008,A Kumble,"MA Chidambaram Stadium, Chepauk",0,CSK,RCB,RCB,bat,RCB,runs,14,N,,DJ Harper,I Shivram
336031,Chandigarh,23-05-2008,SE Marsh,"Punjab Cricket Association Stadium, Mohali",0,KXIP,SRH,KXIP,field,KXIP,wickets,6,N,,Asad Rauf,SJ Davis
336032,Delhi,24-05-2008,KD Karthik,Feroz Shah Kotla,0,DD,MI,DD,field,DD,wickets,5,N,,BF Bowden,K Hariharan
336033,Chennai,24-05-2008,JA Morkel,"MA Chidambaram Stadium, Chepauk",0,CSK,RR,RR,bat,RR,runs,10,N,,DJ Harper,SL Shastri
336034,Bangalore,03-05-2008,P Kumar,M Chinnaswamy Stadium,0,RCB,SRH,SRH,field,RCB,runs,3,N,,BR Doctrove,SL Shastri
336035,Kolkata,25-05-2008,Umar Gul,Eden Gardens,0,KKR,KXIP,KXIP,bat,KKR,wickets,3,N,,SJ Davis,I Shivram
336036,Jaipur,26-05-2008,Sohail Tanvir,Sawai Mansingh Stadium,0,RR,MI,RR,field,RR,wickets,5,N,,BF Bowden,K Hariharan
336037,Hyderabad,27-05-2008,SK Raina,"Rajiv Gandhi International Stadium, Uppal",0,SRH,CSK,SRH,bat,CSK,wickets,7,N,,BG Jerling,AM Saheba
336038,Mumbai,30-05-2008,SR Watson,Wankhede Stadium,0,DD,RR,DD,field,RR,runs,105,N,,BF Bowden,RE Koertzen
336039,Mumbai,31-05-2008,M Ntini,Wankhede Stadium,0,CSK,KXIP,KXIP,bat,CSK,wickets,9,N,,Asad Rauf,DJ Harper
336040,Mumbai,01-06-2008,YK Pathan,Dr DY Patil Sports Academy,0,CSK,RR,RR,field,RR,wickets,3,N,,BF Bowden,RE Koertzen
392181,Cape Town,18-04-2009,SR Tendulkar,Newlands,1,CSK,MI,CSK,field,MI,runs,19,N,,BR Doctrove,K Hariharan
392182,Cape Town,18-04-2009,R Dravid,Newlands,1,RCB,RR,RCB,bat,RCB,runs,75,N,,BR Doctrove,RB Tiffin
392183,Cape Town,19-04-2009,DL Vettori,Newlands,1,DD,KXIP,DD,field,DD,wickets,10,N,D/L,MR Benson,SD Ranade
392184,Cape Town,19-04-2009,RP Singh,Newlands,1,SRH,KKR,KKR,bat,SRH,wickets,8,N,,MR Benson,BR Doctrove
392185,Port Elizabeth,20-04-2009,M Muralitharan,St George's Park,1,RCB,CSK,CSK,bat,CSK,runs,92,N,,BG Jerling,SJA Taufel
392186,Durban,21-04-2009,CH Gayle,Kingsmead,1,KXIP,KKR,KKR,field,KKR,runs,11,N,D/L,DJ Harper,SD Ranade
392188,Cape Town,22-04-2009,AC Gilchrist,Newlands,1,RCB,SRH,SRH,bat,SRH,runs,24,N,,M Erasmus,AM Saheba
392189,Durban,23-04-2009,AB de Villiers,Kingsmead,1,CSK,DD,DD,bat,DD,runs,9,N,,BR Doctrove,SJA Taufel
392190,Cape Town,23-04-2009,YK Pathan,Newlands,1,KKR,RR,KKR,field,RR,tie,,Y,,MR Benson,M Erasmus
392191,Durban,24-04-2009,RS Bopara,Kingsmead,1,RCB,KXIP,RCB,bat,KXIP,wickets,7,N,,BR Doctrove,TH Wijewardene
392192,Durban,25-04-2009,PP Ojha,Kingsmead,1,SRH,MI,SRH,bat,SRH,runs,12,N,,HDPK Dharmasena,SJA Taufel
392194,Port Elizabeth,26-04-2009,TM Dilshan,St George's Park,1,RCB,DD,RCB,bat,DD,wickets,6,N,,S Asnani,BG Jerling
392195,Cape Town,26-04-2009,KC Sangakkara,Newlands,1,KXIP,RR,KXIP,bat,KXIP,runs,27,N,,M Erasmus,K Hariharan
392196,Durban,27-04-2009,HH Gibbs,Kingsmead,1,CSK,SRH,SRH,field,SRH,wickets,6,N,,IL Howell,TH Wijewardene
392197,Port Elizabeth,27-04-2009,SR Tendulkar,St George's Park,1,KKR,MI,MI,bat,MI,runs,92,N,,BG Jerling,RB Tiffin
392198,Centurion,28-04-2009,YK Pathan,SuperSport Park,1,DD,RR,DD,bat,RR,wickets,5,N,,GAV Baxter,RE Koertzen
392199,Durban,29-04-2009,MV Boucher,Kingsmead,1,RCB,KKR,KKR,bat,RCB,wickets,5,N,,MR Benson,TH Wijewardene
392200,Durban,29-04-2009,KC Sangakkara,Kingsmead,1,KXIP,MI,KXIP,bat,KXIP,runs,3,N,,MR Benson,SL Shastri
392201,Centurion,30-04-2009,DP Nannes,SuperSport Park,1,SRH,DD,DD,field,DD,wickets,6,N,,GAV Baxter,AM Saheba
392202,Centurion,30-04-2009,SK Raina,SuperSport Park,1,CSK,RR,RR,field,CSK,runs,38,N,,GAV Baxter,RE Koertzen
392203,East London,01-05-2009,JP Duminy,Buffalo Park,1,KKR,MI,MI,bat,MI,runs,9,N,,M Erasmus,SK Tarapore
392204,Durban,01-05-2009,Yuvraj Singh,Kingsmead,1,RCB,KXIP,RCB,bat,RCB,runs,8,N,,HDPK Dharmasena,S Ravi
392205,Port Elizabeth,02-05-2009,YK Pathan,St George's Park,1,SRH,RR,SRH,bat,RR,wickets,3,N,,S Asnani,BG Jerling
392206,Johannesburg,02-05-2009,SB Jakati,New Wanderers Stadium,1,CSK,DD,DD,field,CSK,runs,18,N,,DJ Harper,RE Koertzen
392207,Port Elizabeth,03-05-2009,DPMD Jayawardene,St George's Park,1,KXIP,KKR,KKR,bat,KXIP,wickets,6,N,,S Asnani,MR Benson
392208,Johannesburg,03-05-2009,JH Kallis,New Wanderers Stadium,1,RCB,MI,MI,bat,RCB,wickets,9,N,,RE Koertzen,TH Wijewardene
392209,East London,04-05-2009,MS Dhoni,Buffalo Park,1,CSK,SRH,CSK,bat,CSK,runs,78,N,,BR Doctrove,M Erasmus
392210,Durban,05-05-2009,GC Smith,Kingsmead,1,KXIP,RR,KXIP,field,RR,runs,78,N,,SS Hazare,IL Howell
392211,Durban,05-05-2009,G Gambhir,Kingsmead,1,DD,KKR,KKR,bat,DD,wickets,9,N,,GAV Baxter,IL Howell
392212,Centurion,06-05-2009,RG Sharma,SuperSport Park,1,SRH,MI,SRH,bat,SRH,runs,19,N,,MR Benson,HDPK Dharmasena
392213,Centurion,07-05-2009,A Singh,SuperSport Park,1,RCB,RR,RR,field,RR,wickets,7,N,,K Hariharan,DJ Harper
392214,Centurion,07-05-2009,ML Hayden,SuperSport Park,1,CSK,KXIP,CSK,bat,CSK,runs,12,N,D/L,DJ Harper,TH Wijewardene
392215,East London,08-05-2009,A Nehra,Buffalo Park,1,DD,MI,MI,bat,DD,wickets,7,N,,M Erasmus,SK Tarapore
392216,Kimberley,09-05-2009,DPMD Jayawardene,De Beers Diamond Oval,1,SRH,KXIP,KXIP,field,KXIP,wickets,3,N,,GAV Baxter,AM Saheba
392217,Kimberley,09-05-2009,S Badrinath,De Beers Diamond Oval,1,CSK,RR,RR,bat,CSK,wickets,7,N,,GAV Baxter,HDPK Dharmasena
392218,Port Elizabeth,10-05-2009,JP Duminy,St George's Park,1,RCB,MI,MI,bat,MI,runs,16,N,,BR Doctrove,BG Jerling
392219,Johannesburg,10-05-2009,A Mishra,New Wanderers Stadium,1,DD,KKR,DD,field,DD,wickets,7,N,,SL Shastri,RB Tiffin
392220,Kimberley,11-05-2009,DR Smith,De Beers Diamond Oval,1,SRH,RR,SRH,bat,SRH,runs,53,N,,GAV Baxter,HDPK Dharmasena
392221,Centurion,12-05-2009,LRPL Taylor,SuperSport Park,1,RCB,KKR,RCB,field,RCB,wickets,6,N,,M Erasmus,SS Hazare
392222,Centurion,12-05-2009,Harbhajan Singh,SuperSport Park,1,KXIP,MI,KXIP,bat,MI,wickets,8,N,,SS Hazare,RE Koertzen
392223,Durban,13-05-2009,R Bhatia,Kingsmead,1,SRH,DD,SRH,field,DD,runs,12,N,,DJ Harper,SL Shastri
392224,Durban,14-05-2009,LRPL Taylor,Kingsmead,1,RCB,CSK,CSK,bat,RCB,wickets,2,N,,BR Doctrove,DJ Harper
392225,Durban,14-05-2009,SK Warne,Kingsmead,1,MI,RR,RR,bat,RR,runs,2,N,,BR Doctrove,DJ Harper
392226,Bloemfontein,15-05-2009,B Lee,OUTsurance Oval,1,DD,KXIP,KXIP,field,KXIP,wickets,6,N,,HDPK Dharmasena,IL Howell
392227,Port Elizabeth,16-05-2009,ML Hayden,St George's Park,1,CSK,MI,MI,bat,CSK,wickets,7,N,,SK Tarapore,SJA Taufel
392228,Johannesburg,16-05-2009,RG Sharma,New Wanderers Stadium,1,SRH,KKR,SRH,field,SRH,wickets,6,N,,RE Koertzen,S Ravi
392229,Johannesburg,17-05-2009,Yuvraj Singh,New Wanderers Stadium,1,SRH,KXIP,SRH,field,KXIP,runs,1,N,,S Ravi,RB Tiffin
392230,Bloemfontein,17-05-2009,AB de Villiers,OUTsurance Oval,1,DD,RR,DD,bat,DD,runs,14,N,,SS Hazare,IL Howell
392231,Centurion,18-05-2009,BJ Hodge,SuperSport Park,1,CSK,KKR,CSK,bat,KKR,wickets,7,N,,SJA Taufel,RB Tiffin
392232,Johannesburg,19-05-2009,JH Kallis,New Wanderers Stadium,1,RCB,DD,DD,bat,RCB,wickets,7,N,,IL Howell,RB Tiffin
392233,Durban,20-05-2009,LR Shukla,Kingsmead,1,KKR,RR,KKR,field,KKR,wickets,4,N,,BG Jerling,SJA Taufel
392234,Durban,20-05-2009,M Muralitharan,Kingsmead,1,CSK,KXIP,CSK,bat,CSK,runs,24,N,,BG Jerling,SJA Taufel
392235,Centurion,21-05-2009,V Sehwag,SuperSport Park,1,DD,MI,DD,field,DD,wickets,4,N,,IL Howell,S Ravi
392236,Centurion,21-05-2009,MK Pandey,SuperSport Park,1,RCB,SRH,RCB,bat,RCB,runs,12,N,,IL Howell,S Ravi
392237,Centurion,22-05-2009,AC Gilchrist,SuperSport Park,1,DD,SRH,SRH,field,SRH,wickets,6,N,,BR Doctrove,DJ Harper
392238,Johannesburg,23-05-2009,MK Pandey,New Wanderers Stadium,1,RCB,CSK,RCB,field,RCB,wickets,6,N,,RE Koertzen,SJA Taufel
392239,Johannesburg,24-05-2009,A Kumble,New Wanderers Stadium,1,RCB,SRH,RCB,field,SRH,runs,6,N,,RE Koertzen,SJA Taufel
419106,Mumbai,12-03-2010,AD Mathews,Dr DY Patil Sports Academy,0,SRH,KKR,SRH,field,KKR,runs,11,N,,RE Koertzen,RB Tiffin
419107,Mumbai,13-03-2010,YK Pathan,Brabourne Stadium,0,MI,RR,MI,bat,MI,runs,4,N,,RE Koertzen,RB Tiffin
419108,Chandigarh,13-03-2010,G Gambhir,"Punjab Cricket Association Stadium, Mohali",0,KXIP,DD,DD,field,DD,wickets,5,N,,BR Doctrove,S Ravi
419109,Kolkata,14-03-2010,MK Tiwary,Eden Gardens,0,KKR,RCB,KKR,field,KKR,wickets,7,N,,HDPK Dharmasena,AM Saheba
419110,Chennai,14-03-2010,WPUJC Vaas,"MA Chidambaram Stadium, Chepauk",0,CSK,SRH,SRH,bat,SRH,runs,31,N,,K Hariharan,DJ Harper
419111,Ahmedabad,15-03-2010,V Sehwag,"Sardar Patel Stadium, Motera",0,RR,DD,DD,field,DD,wickets,6,N,,BG Jerling,RE Koertzen
419112,Bangalore,16-03-2010,JH Kallis,M Chinnaswamy Stadium,0,RCB,KXIP,KXIP,bat,RCB,wickets,8,N,,S Das,DJ Harper
419113,Kolkata,16-03-2010,MS Dhoni,Eden Gardens,0,KKR,CSK,CSK,bat,CSK,runs,55,N,,HDPK Dharmasena,AM Saheba
419114,Delhi,17-03-2010,SR Tendulkar,Feroz Shah Kotla,0,DD,MI,DD,field,MI,runs,98,N,,BR Doctrove,SK Tarapore
419115,Bangalore,18-03-2010,JH Kallis,M Chinnaswamy Stadium,0,RCB,RR,RCB,field,RCB,wickets,10,N,,K Hariharan,DJ Harper
419116,Delhi,19-03-2010,ML Hayden,Feroz Shah Kotla,0,DD,CSK,DD,bat,CSK,wickets,5,N,,BR Doctrove,SK Tarapore
419117,Cuttack,19-03-2010,A Symonds,Barabati Stadium,0,SRH,KXIP,KXIP,field,SRH,runs,6,N,,BF Bowden,M Erasmus
419118,Ahmedabad,20-03-2010,AA Jhunjhunwala,"Sardar Patel Stadium, Motera",0,RR,KKR,RR,bat,RR,runs,34,N,,RE Koertzen,RB Tiffin
419119,Mumbai,20-03-2010,JH Kallis,Brabourne Stadium,0,MI,RCB,MI,bat,RCB,wickets,7,N,,HDPK Dharmasena,SS Hazare
419120,Cuttack,21-03-2010,A Symonds,Barabati Stadium,0,SRH,DD,SRH,bat,SRH,runs,10,N,,BF Bowden,M Erasmus
419121,Chennai,21-03-2010,J Theron,"MA Chidambaram Stadium, Chepauk",0,CSK,KXIP,CSK,field,KXIP,tie,,Y,,K Hariharan,DJ Harper
419122,Mumbai,22-03-2010,SR Tendulkar,Brabourne Stadium,0,MI,KKR,KKR,bat,MI,wickets,7,N,,SS Hazare,SJA Taufel
419123,Bangalore,23-03-2010,RV Uthappa,M Chinnaswamy Stadium,0,RCB,CSK,CSK,field,RCB,runs,36,N,,RE Koertzen,RB Tiffin
419124,Chandigarh,24-03-2010,AC Voges,"Punjab Cricket Association Stadium, Mohali",0,KXIP,RR,KXIP,field,RR,runs,31,N,,BR Doctrove,SK Tarapore
419125,Mumbai,25-03-2010,SR Tendulkar,Brabourne Stadium,0,MI,CSK,MI,field,MI,wickets,5,N,,BF Bowden,AM Saheba
419126,Ahmedabad,26-03-2010,YK Pathan,"Sardar Patel Stadium, Motera",0,RR,SRH,SRH,bat,RR,wickets,8,N,,HDPK Dharmasena,SJA Taufel
419127,Chandigarh,27-03-2010,MK Tiwary,"Punjab Cricket Association Stadium, Mohali",0,KXIP,KKR,KKR,bat,KKR,runs,39,N,,BR Doctrove,S Ravi
419128,Bangalore,25-03-2010,KM Jadhav,M Chinnaswamy Stadium,0,RCB,DD,RCB,field,DD,runs,17,N,,BG Jerling,RE Koertzen
419129,Ahmedabad,28-03-2010,NV Ojha,"Sardar Patel Stadium, Motera",0,RR,CSK,RR,bat,RR,runs,17,N,,SS Hazare,SJA Taufel
419130,Mumbai,28-03-2010,Harbhajan Singh,Dr DY Patil Sports Academy,0,SRH,MI,SRH,field,MI,runs,41,N,,S Das,K Hariharan
419131,Delhi,29-03-2010,DA Warner,Feroz Shah Kotla,0,DD,KKR,DD,bat,DD,runs,40,N,,SS Hazare,SJA Taufel
419132,Mumbai,30-03-2010,SL Malinga,Brabourne Stadium,0,MI,KXIP,MI,field,MI,wickets,4,N,,BR Doctrove,SK Tarapore
419133,Chennai,31-03-2010,M Vijay,"MA Chidambaram Stadium, Chepauk",0,CSK,RCB,RCB,bat,CSK,wickets,5,N,,BG Jerling,RE Koertzen
419134,Delhi,31-03-2010,KD Karthik,Feroz Shah Kotla,0,DD,RR,DD,bat,DD,runs,67,N,,HDPK Dharmasena,SJA Taufel
419135,Kolkata,01-04-2010,SC Ganguly,Eden Gardens,0,KKR,SRH,KKR,bat,KKR,runs,24,N,,K Hariharan,DJ Harper
419136,Chandigarh,02-04-2010,KP Pietersen,"Punjab Cricket Association Stadium, Mohali",0,KXIP,RCB,KXIP,bat,RCB,wickets,6,N,,BF Bowden,M Erasmus
419137,Chennai,03-04-2010,M Vijay,"MA Chidambaram Stadium, Chepauk",0,CSK,RR,CSK,bat,CSK,runs,23,N,,RE Koertzen,RB Tiffin
419138,Mumbai,03-04-2010,AT Rayudu,Brabourne Stadium,0,MI,SRH,MI,bat,MI,runs,63,N,,BR Doctrove,S Ravi
419139,Kolkata,04-04-2010,DPMD Jayawardene,Eden Gardens,0,KKR,KXIP,KKR,bat,KXIP,wickets,8,N,,S Asnani,DJ Harper
419140,Delhi,04-04-2010,PD Collingwood,Feroz Shah Kotla,0,DD,RCB,DD,bat,DD,runs,37,N,,BF Bowden,M Erasmus
419141,Nagpur,05-04-2010,SK Warne,"Vidarbha Cricket Association Stadium, Jamtha",0,SRH,RR,RR,bat,RR,runs,2,N,,HDPK Dharmasena,SJA Taufel
419142,Chennai,06-04-2010,SK Raina,"MA Chidambaram Stadium, Chepauk",0,CSK,MI,CSK,bat,CSK,runs,24,N,,S Asnani,DJ Harper
419143,Jaipur,07-04-2010,MJ Lumb,Sawai Mansingh Stadium,0,RR,KXIP,KXIP,bat,RR,wickets,9,N,,S Ravi,SK Tarapore
419144,Kolkata,07-04-2010,SC Ganguly,Eden Gardens,0,KKR,DD,KKR,bat,KKR,runs,14,N,,BG Jerling,RE Koertzen
419145,Bangalore,08-04-2010,TL Suman,M Chinnaswamy Stadium,0,RCB,SRH,SRH,field,SRH,wickets,7,N,,S Asnani,DJ Harper
419146,Chandigarh,09-04-2010,KC Sangakkara,"Punjab Cricket Association Stadium, Mohali",0,KXIP,MI,MI,bat,KXIP,wickets,6,N,,M Erasmus,AM Saheba
419147,Nagpur,10-04-2010,RJ Harris,"Vidarbha Cricket Association Stadium, Jamtha",0,SRH,CSK,CSK,bat,SRH,wickets,6,N,,HDPK Dharmasena,SJA Taufel
419148,Bangalore,10-04-2010,R Vinay Kumar,M Chinnaswamy Stadium,0,RCB,KKR,RCB,field,RCB,wickets,7,N,,K Hariharan,DJ Harper
419149,Delhi,11-04-2010,PP Chawla,Feroz Shah Kotla,0,DD,KXIP,DD,bat,KXIP,wickets,7,N,,BF Bowden,AM Saheba
419150,Jaipur,11-04-2010,SR Tendulkar,Sawai Mansingh Stadium,0,RR,MI,RR,field,MI,runs,37,N,,BR Doctrove,SK Tarapore
419151,Nagpur,12-04-2010,Harmeet Singh,"Vidarbha Cricket Association Stadium, Jamtha",0,SRH,RCB,RCB,field,SRH,runs,13,N,,RE Koertzen,RB Tiffin
419152,Mumbai,13-04-2010,KA Pollard,Brabourne Stadium,0,MI,DD,MI,bat,MI,runs,39,N,,S Asnani,DJ Harper
419153,Chennai,13-04-2010,R Ashwin,"MA Chidambaram Stadium, Chepauk",0,CSK,KKR,KKR,bat,CSK,wickets,9,N,,SS Hazare,SJA Taufel
419154,Jaipur,14-04-2010,KP Pietersen,Sawai Mansingh Stadium,0,RR,RCB,RR,bat,RCB,wickets,5,N,,BR Doctrove,S Ravi
419155,Chennai,15-04-2010,G Gambhir,"MA Chidambaram Stadium, Chepauk",0,CSK,DD,CSK,bat,DD,wickets,6,N,,HDPK Dharmasena,SS Hazare
419156,Dharamsala,16-04-2010,RG Sharma,Himachal Pradesh Cricket Association Stadium,0,KXIP,SRH,SRH,field,SRH,wickets,5,N,,M Erasmus,AM Saheba
419157,Bangalore,17-04-2010,R McLaren,M Chinnaswamy Stadium,0,RCB,MI,RCB,field,MI,runs,57,N,,HDPK Dharmasena,SJA Taufel
419158,Kolkata,17-04-2010,JD Unadkat,Eden Gardens,0,KKR,RR,RR,bat,KKR,wickets,8,N,,BG Jerling,RB Tiffin
419159,Dharamsala,18-04-2010,MS Dhoni,Himachal Pradesh Cricket Association Stadium,0,KXIP,CSK,CSK,field,CSK,wickets,6,N,,BF Bowden,AM Saheba
419160,Delhi,18-04-2010,A Symonds,Feroz Shah Kotla,0,DD,SRH,SRH,bat,SRH,runs,11,N,,BR Doctrove,SK Tarapore
419161,Kolkata,19-04-2010,M Kartik,Eden Gardens,0,KKR,MI,MI,bat,KKR,wickets,9,N,,BG Jerling,RE Koertzen
419162,Mumbai,21-04-2010,KA Pollard,Dr DY Patil Sports Academy,0,RCB,MI,MI,bat,MI,runs,35,N,,BR Doctrove,RB Tiffin
419163,Mumbai,22-04-2010,DE Bollinger,Dr DY Patil Sports Academy,0,CSK,SRH,CSK,bat,CSK,runs,38,N,,BR Doctrove,RB Tiffin
419164,Mumbai,24-04-2010,A Kumble,Dr DY Patil Sports Academy,0,RCB,SRH,SRH,bat,RCB,wickets,9,N,,RE Koertzen,SJA Taufel
419165,Mumbai,25-04-2010,SK Raina,Dr DY Patil Sports Academy,0,CSK,MI,CSK,bat,CSK,runs,22,N,,RE Koertzen,SJA Taufel
501198,Chennai,08-04-2011,S Anirudha,"MA Chidambaram Stadium, Chepauk",0,CSK,KKR,CSK,bat,CSK,runs,2,N,,BR Doctrove,PR Reiffel
501199,Hyderabad,09-04-2011,SK Trivedi,"Rajiv Gandhi International Stadium, Uppal",0,SRH,RR,RR,field,RR,wickets,8,N,,RE Koertzen,SK Tarapore
501200,Kochi,09-04-2011,AB de Villiers,Nehru Stadium,0,KTK,RCB,KTK,bat,RCB,wickets,6,N,,HDPK Dharmasena,K Hariharan
501201,Delhi,10-04-2011,SL Malinga,Feroz Shah Kotla,0,DD,MI,DD,bat,MI,wickets,8,N,,AM Saheba,RB Tiffin
501202,Mumbai,10-04-2011,SB Wagh,Dr DY Patil Sports Academy,0,Pune,KXIP,KXIP,bat,Pune,wickets,7,N,,BR Doctrove,PR Reiffel
501203,Kolkata,11-04-2011,JH Kallis,Eden Gardens,0,KKR,SRH,KKR,bat,KKR,runs,9,N,,RE Koertzen,SK Tarapore
501204,Jaipur,12-04-2011,SK Warne,Sawai Mansingh Stadium,0,RR,DD,DD,bat,RR,wickets,6,N,,Aleem Dar,RB Tiffin
501205,Bangalore,12-04-2011,SR Tendulkar,M Chinnaswamy Stadium,0,RCB,MI,MI,field,MI,wickets,9,N,,HDPK Dharmasena,AL Hill
501206,Chandigarh,13-04-2011,PC Valthaty,"Punjab Cricket Association Stadium, Mohali",0,KXIP,CSK,KXIP,field,KXIP,wickets,6,N,,Asad Rauf,SL Shastri
501207,Mumbai,13-04-2011,MD Mishra,Dr DY Patil Sports Academy,0,Pune,KTK,KTK,bat,Pune,wickets,4,N,,S Asnani,PR Reiffel
501208,Hyderabad,14-04-2011,DW Steyn,"Rajiv Gandhi International Stadium, Uppal",0,SRH,RCB,RCB,field,SRH,runs,33,N,,RE Koertzen,S Ravi
501209,Jaipur,15-04-2011,G Gambhir,Sawai Mansingh Stadium,0,RR,KKR,KKR,field,KKR,wickets,9,N,,Aleem Dar,SS Hazare
501210,Mumbai,15-04-2011,BB McCullum,Wankhede Stadium,0,MI,KTK,KTK,field,KTK,wickets,8,N,,BR Doctrove,PR Reiffel
501211,Chennai,16-04-2011,MEK Hussey,"MA Chidambaram Stadium, Chepauk",0,CSK,RCB,CSK,bat,CSK,runs,21,N,,HDPK Dharmasena,AL Hill
501212,Hyderabad,16-04-2011,PC Valthaty,"Rajiv Gandhi International Stadium, Uppal",0,SRH,KXIP,KXIP,field,KXIP,wickets,8,N,,RE Koertzen,S Ravi
501213,Mumbai,17-04-2011,Yuvraj Singh,Dr DY Patil Sports Academy,0,Pune,DD,DD,field,DD,wickets,3,N,,Asad Rauf,AM Saheba
501214,Kolkata,17-04-2011,L Balaji,Eden Gardens,0,KKR,RR,KKR,field,KKR,wickets,8,N,,Aleem Dar,RB Tiffin
501215,Kochi,18-04-2011,BB McCullum,Nehru Stadium,0,KTK,CSK,KTK,field,KTK,wickets,7,N,D/L,K Hariharan,AL Hill
501216,Delhi,19-04-2011,S Sohal,Feroz Shah Kotla,0,DD,SRH,SRH,bat,SRH,runs,16,N,,PR Reiffel,RJ Tucker
501218,Mumbai,20-04-2011,MM Patel,Wankhede Stadium,0,MI,Pune,Pune,bat,MI,wickets,7,N,,Asad Rauf,AM Saheba
501219,Kolkata,20-04-2011,DPMD Jayawardene,Eden Gardens,0,KKR,KTK,KKR,field,KTK,runs,6,N,,Aleem Dar,RB Tiffin
501220,Chandigarh,21-04-2011,SE Marsh,"Punjab Cricket Association Stadium, Mohali",0,KXIP,RR,RR,field,KXIP,runs,48,N,,S Asnani,PR Reiffel
501221,Mumbai,22-04-2011,Harbhajan Singh,Wankhede Stadium,0,MI,CSK,CSK,field,MI,runs,8,N,,Asad Rauf,AM Saheba
501222,Kolkata,22-04-2011,CH Gayle,Eden Gardens,0,KKR,RCB,RCB,field,RCB,wickets,9,N,,SS Hazare,RB Tiffin
501223,Delhi,23-04-2011,DA Warner,Feroz Shah Kotla,0,DD,KXIP,KXIP,field,DD,runs,29,N,,S Asnani,RE Koertzen
501224,Hyderabad,24-04-2011,SL Malinga,"Rajiv Gandhi International Stadium, Uppal",0,SRH,MI,SRH,field,MI,runs,37,N,,HDPK Dharmasena,AL Hill
501225,Jaipur,24-04-2011,SK Warne,Sawai Mansingh Stadium,0,RR,KTK,RR,field,RR,wickets,8,N,,BR Doctrove,SK Tarapore
501226,Chennai,25-04-2011,MEK Hussey,"MA Chidambaram Stadium, Chepauk",0,CSK,Pune,Pune,field,CSK,runs,25,N,,Aleem Dar,RB Tiffin
501227,Delhi,26-04-2011,V Kohli,Feroz Shah Kotla,0,DD,RCB,RCB,field,RCB,wickets,3,N,,S Asnani,RJ Tucker
501228,Mumbai,27-04-2011,DE Bollinger,Dr DY Patil Sports Academy,0,Pune,CSK,Pune,bat,CSK,wickets,8,N,,Asad Rauf,SL Shastri
501229,Kochi,27-04-2011,I Sharma,Nehru Stadium,0,KTK,SRH,KTK,field,SRH,runs,55,N,,HDPK Dharmasena,AL Hill
501230,Delhi,28-04-2011,MK Tiwary,Feroz Shah Kotla,0,DD,KKR,DD,field,KKR,runs,17,N,,PR Reiffel,RJ Tucker
501231,Jaipur,29-04-2011,J Botha,Sawai Mansingh Stadium,0,RR,MI,RR,field,RR,wickets,7,N,,Asad Rauf,SK Tarapore
501232,Bangalore,29-04-2011,V Kohli,M Chinnaswamy Stadium,0,RCB,Pune,Pune,field,RCB,runs,26,N,,Aleem Dar,SS Hazare
501233,Kochi,30-04-2011,V Sehwag,Nehru Stadium,0,KTK,DD,DD,bat,DD,runs,38,N,,HDPK Dharmasena,AL Hill
501234,Kolkata,30-04-2011,Iqbal Abdulla,Eden Gardens,0,KKR,KXIP,KKR,field,KKR,wickets,8,N,,AM Saheba,SL Shastri
501235,Jaipur,01-05-2011,LRPL Taylor,Sawai Mansingh Stadium,0,RR,Pune,RR,field,RR,wickets,6,N,,SK Tarapore,SJA Taufel
501236,Chennai,01-05-2011,JA Morkel,"MA Chidambaram Stadium, Chepauk",0,CSK,SRH,CSK,bat,CSK,runs,19,N,,Aleem Dar,RB Tiffin
501237,Mumbai,02-05-2011,KA Pollard,Wankhede Stadium,0,MI,KXIP,KXIP,field,MI,runs,23,N,,HDPK Dharmasena,PR Reiffel
501238,Delhi,02-05-2011,P Parameswaran,Feroz Shah Kotla,0,DD,KTK,KTK,field,KTK,wickets,7,N,,Asad Rauf,SL Shastri
501239,Hyderabad,03-05-2011,YK Pathan,"Rajiv Gandhi International Stadium, Uppal",0,SRH,KKR,SRH,field,KKR,runs,20,N,,S Asnani,RJ Tucker
501240,Chennai,04-05-2011,MEK Hussey,"MA Chidambaram Stadium, Chepauk",0,CSK,RR,RR,bat,CSK,wickets,8,N,,SS Hazare,RB Tiffin
501241,Mumbai,04-05-2011,R Sharma,Dr DY Patil Sports Academy,0,Pune,MI,Pune,field,MI,runs,21,N,,HDPK Dharmasena,SJA Taufel
501242,Kochi,05-05-2011,BJ Hodge,Nehru Stadium,0,KTK,KKR,KKR,field,KTK,runs,17,N,,S Ravi,RJ Tucker
501243,Hyderabad,05-05-2011,V Sehwag,"Rajiv Gandhi International Stadium, Uppal",0,SRH,DD,DD,field,DD,wickets,4,N,,Asad Rauf,AM Saheba
501244,Bangalore,06-05-2011,CH Gayle,M Chinnaswamy Stadium,0,RCB,KXIP,KXIP,field,RCB,runs,85,N,,Aleem Dar,RB Tiffin
501245,Kolkata,07-05-2011,Iqbal Abdulla,Eden Gardens,0,KKR,CSK,CSK,bat,KKR,runs,10,N,D/L,Asad Rauf,PR Reiffel
501246,Mumbai,07-05-2011,AT Rayudu,Wankhede Stadium,0,MI,DD,DD,field,MI,runs,32,N,,K Hariharan,SJA Taufel
501247,Bangalore,08-05-2011,CH Gayle,M Chinnaswamy Stadium,0,RCB,KTK,KTK,bat,RCB,wickets,9,N,,Aleem Dar,SS Hazare
501248,Chandigarh,08-05-2011,R Sharma,"Punjab Cricket Association Stadium, Mohali",0,KXIP,Pune,KXIP,bat,Pune,wickets,5,N,,SK Tarapore,RJ Tucker
501249,Jaipur,09-05-2011,M Vijay,Sawai Mansingh Stadium,0,RR,CSK,RR,field,CSK,runs,63,N,,K Hariharan,SJA Taufel
501250,Hyderabad,10-05-2011,MR Marsh,"Rajiv Gandhi International Stadium, Uppal",0,SRH,Pune,SRH,bat,Pune,wickets,6,N,,Asad Rauf,AM Saheba
501251,Chandigarh,10-05-2011,BA Bhatt,"Punjab Cricket Association Stadium, Mohali",0,KXIP,MI,MI,field,KXIP,runs,76,N,,SK Tarapore,RJ Tucker
501252,Jaipur,11-05-2011,S Aravind,Sawai Mansingh Stadium,0,RR,RCB,RCB,field,RCB,wickets,9,N,,HDPK Dharmasena,K Hariharan
501253,Chennai,12-05-2011,MS Dhoni,"MA Chidambaram Stadium, Chepauk",0,CSK,DD,CSK,bat,CSK,runs,18,N,,AM Saheba,SL Shastri
501254,Indore,13-05-2011,KD Karthik,Holkar Cricket Stadium,0,KTK,KXIP,KXIP,field,KXIP,wickets,6,N,,S Asnani,RJ Tucker
501255,Bangalore,14-05-2011,CH Gayle,M Chinnaswamy Stadium,0,RCB,KKR,RCB,field,RCB,wickets,4,N,D/L,RE Koertzen,RB Tiffin
501256,Mumbai,14-05-2011,A Mishra,Wankhede Stadium,0,MI,SRH,SRH,bat,SRH,runs,10,N,,S Ravi,SK Tarapore
501257,Dharamsala,15-05-2011,PP Chawla,Himachal Pradesh Cricket Association Stadium,0,KXIP,DD,DD,field,KXIP,runs,29,N,,Asad Rauf,SL Shastri
501258,Indore,15-05-2011,BJ Hodge,Holkar Cricket Stadium,0,KTK,RR,KTK,field,KTK,wickets,8,N,,PR Reiffel,RJ Tucker
501259,Mumbai,16-05-2011,A Mishra,Dr DY Patil Sports Academy,0,Pune,SRH,SRH,field,SRH,wickets,6,N,,S Ravi,SK Tarapore
501260,Dharamsala,17-05-2011,AC Gilchrist,Himachal Pradesh Cricket Association Stadium,0,KXIP,RCB,KXIP,bat,KXIP,runs,111,N,,Asad Rauf,AM Saheba
501261,Chennai,18-05-2011,WP Saha,"MA Chidambaram Stadium, Chepauk",0,CSK,KTK,CSK,bat,CSK,runs,11,N,,HDPK Dharmasena,RE Koertzen
501262,Mumbai,19-05-2011,YK Pathan,Dr DY Patil Sports Academy,0,Pune,KKR,KKR,field,KKR,wickets,7,N,,S Ravi,SJA Taufel
501263,Mumbai,20-05-2011,SR Watson,Wankhede Stadium,0,MI,RR,MI,bat,RR,wickets,10,N,,RE Koertzen,PR Reiffel
501264,Dharamsala,21-05-2011,S Dhawan,Himachal Pradesh Cricket Association Stadium,0,KXIP,SRH,KXIP,field,SRH,runs,82,N,,Asad Rauf,AM Saheba
501265,Delhi,21-05-2011,,Feroz Shah Kotla,0,DD,Pune,DD,bat,,,,,,SS Hazare,RJ Tucker
501266,Bangalore,22-05-2011,CH Gayle,M Chinnaswamy Stadium,0,RCB,CSK,RCB,field,RCB,wickets,8,N,,K Hariharan,RE Koertzen
501267,Kolkata,22-05-2011,JEC Franklin,Eden Gardens,0,KKR,MI,MI,field,MI,wickets,5,N,,SK Tarapore,SJA Taufel
501268,Mumbai,24-05-2011,SK Raina,Wankhede Stadium,0,RCB,CSK,CSK,field,CSK,wickets,6,N,,Asad Rauf,SJA Taufel
501269,Mumbai,25-05-2011,MM Patel,Wankhede Stadium,0,MI,KKR,MI,field,MI,wickets,4,N,,Asad Rauf,SJA Taufel
501270,Chennai,27-05-2011,CH Gayle,"MA Chidambaram Stadium, Chepauk",0,RCB,MI,MI,field,RCB,runs,43,N,,Asad Rauf,SJA Taufel
501271,Chennai,28-05-2011,M Vijay,"MA Chidambaram Stadium, Chepauk",0,CSK,RCB,CSK,bat,CSK,runs,58,N,,Asad Rauf,SJA Taufel
548306,Chennai,04-04-2012,RE Levi,"MA Chidambaram Stadium, Chepauk",0,CSK,MI,MI,field,MI,wickets,8,N,,JD Cloete,SJA Taufel
548307,Kolkata,05-04-2012,IK Pathan,Eden Gardens,0,KKR,DD,DD,field,DD,wickets,8,N,,S Asnani,HDPK Dharmasena
548308,Mumbai,06-04-2012,SPD Smith,Wankhede Stadium,0,MI,Pune,MI,field,Pune,runs,28,N,,AK Chaudhary,SJA Taufel
548309,Jaipur,06-04-2012,AM Rahane,Sawai Mansingh Stadium,0,RR,KXIP,KXIP,field,RR,runs,31,N,,BF Bowden,SK Tarapore
548310,Bangalore,07-04-2012,AB de Villiers,M Chinnaswamy Stadium,0,RCB,DD,DD,field,RCB,runs,20,N,,S Asnani,S Ravi
548311,Visakhapatnam,07-04-2012,RA Jadeja,Dr. Y.S. Rajasekhara Reddy ACA-VDCA Cricket Stadium,0,SRH,CSK,SRH,field,CSK,runs,74,N,,JD Cloete,HDPK Dharmasena
548312,Jaipur,08-04-2012,BJ Hodge,Sawai Mansingh Stadium,0,RR,KKR,KKR,field,RR,runs,22,N,,BF Bowden,VA Kulkarni
548313,Pune,08-04-2012,MN Samuels,Subrata Roy Sahara Stadium,0,Pune,KXIP,Pune,bat,Pune,runs,22,N,,S Das,SJA Taufel
548314,Visakhapatnam,09-04-2012,RG Sharma,Dr. Y.S. Rajasekhara Reddy ACA-VDCA Cricket Stadium,0,SRH,MI,SRH,bat,MI,wickets,5,N,,AK Chaudhary,JD Cloete
548315,Bangalore,10-04-2012,L Balaji,M Chinnaswamy Stadium,0,RCB,KKR,RCB,field,KKR,runs,42,N,,S Ravi,RJ Tucker
548316,Delhi,10-04-2012,M Morkel,Feroz Shah Kotla,0,DD,CSK,DD,field,DD,wickets,8,N,,Asad Rauf,SK Tarapore
548317,Mumbai,11-04-2012,KA Pollard,Wankhede Stadium,0,MI,RR,RR,field,MI,runs,27,N,,Aleem Dar,BNJ Oxenford
548318,Chennai,12-04-2012,F du Plessis,"MA Chidambaram Stadium, Chepauk",0,CSK,RCB,RCB,bat,CSK,wickets,5,N,,HDPK Dharmasena,RJ Tucker
548319,Chandigarh,12-04-2012,AD Mascarenhas,"Punjab Cricket Association Stadium, Mohali",0,KXIP,Pune,KXIP,field,KXIP,wickets,7,N,,VA Kulkarni,SK Tarapore
548320,Kolkata,13-04-2012,Shakib Al Hasan,Eden Gardens,0,KKR,RR,RR,bat,KKR,wickets,5,N,,Asad Rauf,S Asnani
548321,Delhi,19-04-2012,KP Pietersen,Feroz Shah Kotla,0,DD,SRH,SRH,bat,DD,wickets,5,N,,BF Bowden,SK Tarapore
548322,Pune,14-04-2012,JD Ryder,Subrata Roy Sahara Stadium,0,Pune,CSK,CSK,bat,Pune,wickets,7,N,,Aleem Dar,BNJ Oxenford
548323,Kolkata,15-04-2012,SP Narine,Eden Gardens,0,KKR,KXIP,KKR,field,KXIP,runs,2,N,,Asad Rauf,S Asnani
548324,Bangalore,15-04-2012,AM Rahane,M Chinnaswamy Stadium,0,RCB,RR,RR,bat,RR,runs,59,N,,JD Cloete,RJ Tucker
548325,Mumbai,16-04-2012,S Nadeem,Wankhede Stadium,0,MI,DD,DD,field,DD,wickets,7,N,,BF Bowden,SK Tarapore
548326,Jaipur,17-04-2012,BJ Hodge,Sawai Mansingh Stadium,0,RR,SRH,SRH,bat,RR,wickets,5,N,,Aleem Dar,BNJ Oxenford
548327,Bangalore,17-04-2012,CH Gayle,M Chinnaswamy Stadium,0,RCB,Pune,Pune,bat,RCB,wickets,6,N,,S Asnani,S Das
548328,Chandigarh,18-04-2012,G Gambhir,"Punjab Cricket Association Stadium, Mohali",0,KXIP,KKR,KXIP,bat,KKR,wickets,8,N,,JD Cloete,RJ Tucker
548329,Hyderabad,10-05-2012,DA Warner,"Rajiv Gandhi International Stadium, Uppal",0,SRH,DD,SRH,bat,DD,wickets,9,N,,JD Cloete,SJA Taufel
548330,Chennai,19-04-2012,KMDN Kulasekara,"MA Chidambaram Stadium, Chepauk",0,CSK,Pune,Pune,field,CSK,runs,13,N,,Asad Rauf,S Das
548331,Chandigarh,20-04-2012,CH Gayle,"Punjab Cricket Association Stadium, Mohali",0,KXIP,RCB,RCB,field,RCB,wickets,5,N,,S Ravi,RJ Tucker
548332,Chennai,21-04-2012,F du Plessis,"MA Chidambaram Stadium, Chepauk",0,CSK,RR,RR,bat,CSK,wickets,7,N,,Aleem Dar,BNJ Oxenford
548333,Delhi,21-04-2012,SC Ganguly,Feroz Shah Kotla,0,DD,Pune,DD,field,Pune,runs,20,N,,Asad Rauf,S Das
548334,Mumbai,22-04-2012,SE Marsh,Wankhede Stadium,0,MI,KXIP,MI,bat,KXIP,wickets,6,N,,S Ravi,RJ Tucker
548335,Cuttack,22-04-2012,B Lee,Barabati Stadium,0,SRH,KKR,KKR,field,KKR,wickets,5,N,,BF Bowden,SK Tarapore
548336,Jaipur,23-04-2012,AB de Villiers,Sawai Mansingh Stadium,0,RR,RCB,RR,field,RCB,runs,46,N,,Asad Rauf,S Asnani
548337,Pune,24-04-2012,V Sehwag,Subrata Roy Sahara Stadium,0,Pune,DD,Pune,bat,DD,wickets,8,N,,S Ravi,RJ Tucker
548339,Chandigarh,25-04-2012,AT Rayudu,"Punjab Cricket Association Stadium, Mohali",0,KXIP,MI,KXIP,bat,MI,wickets,4,N,,Aleem Dar,BNJ Oxenford
548341,Pune,26-04-2012,CL White,Subrata Roy Sahara Stadium,0,Pune,SRH,SRH,bat,SRH,runs,18,N,,S Ravi,RJ Tucker
548342,Delhi,27-04-2012,V Sehwag,Feroz Shah Kotla,0,DD,MI,MI,field,DD,runs,37,N,,Aleem Dar,BNJ Oxenford
548343,Chennai,28-04-2012,Mandeep Singh,"MA Chidambaram Stadium, Chepauk",0,CSK,KXIP,KXIP,bat,KXIP,runs,7,N,,BF Bowden,SK Tarapore
548344,Kolkata,28-04-2012,G Gambhir,Eden Gardens,0,KKR,RCB,KKR,bat,KKR,runs,47,N,,Asad Rauf,BR Doctrove
548345,Delhi,29-04-2012,V Sehwag,Feroz Shah Kotla,0,DD,RR,DD,bat,DD,runs,1,N,,S Ravi,RJ Tucker
548346,Mumbai,29-04-2012,DW Steyn,Wankhede Stadium,0,MI,SRH,MI,field,MI,wickets,5,N,,AK Chaudhary,BNJ Oxenford
548347,Chennai,30-04-2012,G Gambhir,"MA Chidambaram Stadium, Chepauk",0,CSK,KKR,CSK,bat,KKR,wickets,5,N,,BF Bowden,C Shamshuddin
548348,Cuttack,01-05-2012,KC Sangakkara,Barabati Stadium,0,SRH,Pune,SRH,bat,SRH,runs,13,N,,Aleem Dar,AK Chaudhary
548349,Jaipur,01-05-2012,P Negi,Sawai Mansingh Stadium,0,RR,DD,RR,bat,DD,wickets,6,N,,JD Cloete,SJA Taufel
548350,Bangalore,02-05-2012,Azhar Mahmood,M Chinnaswamy Stadium,0,RCB,KXIP,KXIP,field,KXIP,wickets,4,N,,BF Bowden,C Shamshuddin
548351,Pune,03-05-2012,SL Malinga,Subrata Roy Sahara Stadium,0,Pune,MI,MI,bat,MI,runs,1,N,,Asad Rauf,S Asnani
548352,Chennai,04-05-2012,SK Raina,"MA Chidambaram Stadium, Chepauk",0,CSK,SRH,CSK,bat,CSK,runs,10,N,,HDPK Dharmasena,BNJ Oxenford
548353,Kolkata,05-05-2012,SP Narine,Eden Gardens,0,KKR,Pune,KKR,bat,KKR,runs,7,N,,BF Bowden,SK Tarapore
548354,Chandigarh,05-05-2012,SR Watson,"Punjab Cricket Association Stadium, Mohali",0,KXIP,RR,RR,bat,RR,runs,43,N,,JD Cloete,SJA Taufel
548355,Mumbai,06-05-2012,DR Smith,Wankhede Stadium,0,MI,CSK,MI,field,MI,wickets,2,N,,Asad Rauf,S Asnani
548356,Bangalore,06-05-2012,AB de Villiers,M Chinnaswamy Stadium,0,RCB,SRH,RCB,field,RCB,wickets,5,N,,HDPK Dharmasena,BNJ Oxenford
548357,Delhi,07-05-2012,JH Kallis,Feroz Shah Kotla,0,DD,KKR,DD,bat,KKR,wickets,6,N,,JD Cloete,S Ravi
548358,Pune,08-05-2012,SR Watson,Subrata Roy Sahara Stadium,0,Pune,RR,Pune,bat,RR,wickets,7,N,,Asad Rauf,BR Doctrove
548359,Hyderabad,08-05-2012,Mandeep Singh,"Rajiv Gandhi International Stadium, Uppal",0,SRH,KXIP,SRH,field,KXIP,runs,25,N,,HDPK Dharmasena,BNJ Oxenford
548360,Mumbai,09-05-2012,CH Gayle,Wankhede Stadium,0,MI,RCB,RCB,field,RCB,wickets,9,N,,BF Bowden,VA Kulkarni
548361,Jaipur,10-05-2012,BW Hilfenhaus,Sawai Mansingh Stadium,0,RR,CSK,CSK,field,CSK,wickets,4,N,,BNJ Oxenford,C Shamshuddin
548362,Pune,11-05-2012,CH Gayle,Subrata Roy Sahara Stadium,0,Pune,RCB,Pune,field,RCB,runs,35,N,,BF Bowden,SK Tarapore
548363,Kolkata,12-05-2012,RG Sharma,Eden Gardens,0,KKR,MI,MI,bat,MI,runs,27,N,,S Ravi,SJA Taufel
548364,Chennai,12-05-2012,BW Hilfenhaus,"MA Chidambaram Stadium, Chepauk",0,CSK,DD,CSK,field,CSK,wickets,9,N,,S Das,BR Doctrove
548365,Jaipur,13-05-2012,A Chandila,Sawai Mansingh Stadium,0,RR,Pune,RR,bat,RR,runs,45,N,,BF Bowden,SK Tarapore
548366,Chandigarh,13-05-2012,DJ Hussey,"Punjab Cricket Association Stadium, Mohali",0,KXIP,SRH,SRH,bat,KXIP,wickets,4,N,,HDPK Dharmasena,BNJ Oxenford
548367,Bangalore,14-05-2012,AT Rayudu,M Chinnaswamy Stadium,0,RCB,MI,MI,field,MI,wickets,5,N,,S Das,BR Doctrove
548368,Kolkata,14-05-2012,MEK Hussey,Eden Gardens,0,KKR,CSK,CSK,field,CSK,wickets,5,N,,JD Cloete,SJA Taufel
548369,Delhi,15-05-2012,UT Yadav,Feroz Shah Kotla,0,DD,KXIP,KXIP,bat,DD,wickets,5,N,,HDPK Dharmasena,BNJ Oxenford
548370,Mumbai,16-05-2012,SP Narine,Wankhede Stadium,0,MI,KKR,MI,field,KKR,runs,32,N,,S Das,BR Doctrove
548371,Dharamsala,17-05-2012,AC Gilchrist,Himachal Pradesh Cricket Association Stadium,0,KXIP,CSK,KXIP,field,KXIP,wickets,6,N,,VA Kulkarni,SK Tarapore
548372,Delhi,17-05-2012,CH Gayle,Feroz Shah Kotla,0,DD,RCB,DD,field,RCB,runs,21,N,,HDPK Dharmasena,C Shamshuddin
548373,Hyderabad,18-05-2012,DW Steyn,"Rajiv Gandhi International Stadium, Uppal",0,SRH,RR,RR,bat,SRH,wickets,5,N,,S Ravi,SJA Taufel
548374,Dharamsala,19-05-2012,UT Yadav,Himachal Pradesh Cricket Association Stadium,0,KXIP,DD,DD,field,DD,wickets,6,N,,BF Bowden,VA Kulkarni
548375,Pune,19-05-2012,Shakib Al Hasan,Subrata Roy Sahara Stadium,0,Pune,KKR,KKR,bat,KKR,runs,34,N,,S Asnani,BR Doctrove
548376,Hyderabad,20-05-2012,DW Steyn,"Rajiv Gandhi International Stadium, Uppal",0,SRH,RCB,RCB,field,SRH,runs,9,N,,S Ravi,SJA Taufel
548377,Jaipur,20-05-2012,DR Smith,Sawai Mansingh Stadium,0,RR,MI,RR,bat,MI,wickets,10,N,,HDPK Dharmasena,C Shamshuddin
548378,Pune,22-05-2012,YK Pathan,Subrata Roy Sahara Stadium,0,DD,KKR,KKR,bat,KKR,runs,18,N,,BR Doctrove,SJA Taufel
548379,Bangalore,23-05-2012,MS Dhoni,M Chinnaswamy Stadium,0,CSK,MI,MI,field,CSK,runs,38,N,,BF Bowden,HDPK Dharmasena
548380,Chennai,25-05-2012,M Vijay,"MA Chidambaram Stadium, Chepauk",0,DD,CSK,DD,field,CSK,runs,86,N,,BR Doctrove,SJA Taufel
548381,Chennai,27-05-2012,MS Bisla,"MA Chidambaram Stadium, Chepauk",0,KKR,CSK,CSK,bat,KKR,wickets,5,N,,BF Bowden,SJA Taufel
597998,Kolkata,03-04-2013,SP Narine,Eden Gardens,0,KKR,DD,KKR,field,KKR,wickets,6,N,,S Ravi,SJA Taufel
597999,Bangalore,04-04-2013,CH Gayle,M Chinnaswamy Stadium,0,RCB,MI,MI,field,RCB,runs,2,N,,VA Kulkarni,C Shamshuddin
598000,Hyderabad,05-04-2013,A Mishra,"Rajiv Gandhi International Stadium, Uppal",0,SRH,Pune,Pune,field,SRH,runs,22,N,,S Ravi,SJA Taufel
598001,Delhi,06-04-2013,R Dravid,Feroz Shah Kotla,0,DD,RR,RR,bat,RR,runs,5,N,,S Das,C Shamshuddin
598002,Chennai,06-04-2013,KA Pollard,"MA Chidambaram Stadium, Chepauk",0,CSK,MI,MI,bat,MI,runs,9,N,,M Erasmus,VA Kulkarni
598003,Pune,07-04-2013,M Vohra,Subrata Roy Sahara Stadium,0,Pune,KXIP,Pune,bat,KXIP,wickets,8,N,,S Asnani,SJA Taufel
598004,Hyderabad,07-04-2013,GH Vihari,"Rajiv Gandhi International Stadium, Uppal",0,SRH,RCB,RCB,bat,SRH,tie,,Y,,AK Chaudhary,S Ravi
598005,Jaipur,08-04-2013,SK Trivedi,Sawai Mansingh Stadium,0,RR,KKR,KKR,field,RR,runs,19,N,,Aleem Dar,S Das
598006,Mumbai,09-04-2013,KD Karthik,Wankhede Stadium,0,MI,DD,MI,bat,MI,runs,44,N,,M Erasmus,VA Kulkarni
598007,Chandigarh,10-04-2013,MEK Hussey,"Punjab Cricket Association Stadium, Mohali",0,KXIP,CSK,CSK,field,CSK,wickets,10,N,,Aleem Dar,C Shamshuddin
598008,Bangalore,11-04-2013,CH Gayle,M Chinnaswamy Stadium,0,RCB,KKR,RCB,field,RCB,wickets,8,N,,Asad Rauf,AK Chaudhary
598009,Pune,11-04-2013,AJ Finch,Subrata Roy Sahara Stadium,0,Pune,RR,RR,bat,Pune,wickets,7,N,,M Erasmus,K Srinath
598010,Delhi,12-04-2013,A Mishra,Feroz Shah Kotla,0,DD,SRH,DD,bat,SRH,wickets,3,N,,Aleem Dar,Subroto Das
598011,Mumbai,13-04-2013,RG Sharma,Wankhede Stadium,0,MI,Pune,MI,bat,MI,runs,41,N,,S Ravi,SJA Taufel
598012,Chennai,13-04-2013,RA Jadeja,"MA Chidambaram Stadium, Chepauk",0,CSK,RCB,CSK,field,CSK,wickets,4,N,,Asad Rauf,AK Chaudhary
598013,Kolkata,14-04-2013,G Gambhir,Eden Gardens,0,KKR,SRH,KKR,bat,KKR,runs,48,N,,M Erasmus,VA Kulkarni
598014,Jaipur,14-04-2013,JP Faulkner,Sawai Mansingh Stadium,0,RR,KXIP,RR,field,RR,wickets,6,N,,Aleem Dar,C Shamshuddin
598015,Chennai,15-04-2013,SPD Smith,"MA Chidambaram Stadium, Chepauk",0,CSK,Pune,Pune,bat,Pune,runs,24,N,,Asad Rauf,AK Chaudhary
598016,Chandigarh,16-04-2013,MS Gony,"Punjab Cricket Association Stadium, Mohali",0,KXIP,KKR,KKR,field,KXIP,runs,4,N,,CK Nandan,SJA Taufel
598017,Bangalore,16-04-2013,V Kohli,M Chinnaswamy Stadium,0,RCB,DD,RCB,field,RCB,tie,,Y,,M Erasmus,VA Kulkarni
598018,Pune,17-04-2013,A Mishra,Subrata Roy Sahara Stadium,0,Pune,SRH,Pune,field,SRH,runs,11,N,,Asad Rauf,AK Chaudhary
598019,Jaipur,17-04-2013,AM Rahane,Sawai Mansingh Stadium,0,RR,MI,RR,bat,RR,runs,87,N,,Aleem Dar,C Shamshuddin
598020,Delhi,18-04-2013,MEK Hussey,Feroz Shah Kotla,0,DD,CSK,CSK,bat,CSK,runs,86,N,,M Erasmus,VA Kulkarni
598021,Hyderabad,19-04-2013,GH Vihari,"Rajiv Gandhi International Stadium, Uppal",0,SRH,KXIP,KXIP,bat,SRH,wickets,5,N,,HDPK Dharmasena,CK Nandan
598022,Kolkata,20-04-2013,RA Jadeja,Eden Gardens,0,KKR,CSK,KKR,bat,CSK,wickets,4,N,,Asad Rauf,AK Chaudhary
598023,Bangalore,20-04-2013,R Vinay Kumar,M Chinnaswamy Stadium,0,RCB,RR,RCB,field,RCB,wickets,7,N,,Aleem Dar,C Shamshuddin
598024,Delhi,21-04-2013,V Sehwag,Feroz Shah Kotla,0,DD,MI,MI,bat,DD,wickets,9,N,,HDPK Dharmasena,S Ravi
598025,Chandigarh,21-04-2013,DA Miller,"Punjab Cricket Association Stadium, Mohali",0,KXIP,Pune,KXIP,field,KXIP,wickets,7,N,,M Erasmus,K Srinath
598026,Chennai,22-04-2013,MEK Hussey,"MA Chidambaram Stadium, Chepauk",0,CSK,RR,RR,bat,CSK,wickets,5,N,,S Asnani,AK Chaudhary
598027,Bangalore,23-04-2013,CH Gayle,M Chinnaswamy Stadium,0,RCB,Pune,Pune,field,RCB,runs,130,N,,Aleem Dar,C Shamshuddin
598028,Dharamsala,16-05-2013,DA Miller,Himachal Pradesh Cricket Association Stadium,0,KXIP,DD,DD,field,KXIP,runs,7,N,,HDPK Dharmasena,S Ravi
598029,Kolkata,24-04-2013,DR Smith,Eden Gardens,0,KKR,MI,KKR,bat,MI,wickets,5,N,,HDPK Dharmasena,S Ravi
598030,Chennai,25-04-2013,MS Dhoni,"MA Chidambaram Stadium, Chepauk",0,CSK,SRH,SRH,bat,CSK,wickets,5,N,,Aleem Dar,S Das
598031,Kolkata,26-04-2013,JH Kallis,Eden Gardens,0,KKR,KXIP,KXIP,bat,KKR,wickets,6,N,,CK Nandan,S Ravi
598032,Jaipur,27-04-2013,JP Faulkner,Sawai Mansingh Stadium,0,RR,SRH,SRH,bat,RR,wickets,8,N,,VA Kulkarni,K Srinath
598033,Mumbai,27-04-2013,DR Smith,Wankhede Stadium,0,MI,RCB,MI,bat,MI,runs,58,N,,Asad Rauf,S Asnani
598034,Chennai,28-04-2013,MEK Hussey,"MA Chidambaram Stadium, Chepauk",0,CSK,KKR,KKR,field,CSK,runs,14,N,,Aleem Dar,SJA Taufel
598035,Raipur,28-04-2013,DA Warner,Shaheed Veer Narayan Singh International Stadium,0,DD,Pune,Pune,field,DD,runs,15,N,,CK Nandan,S Ravi
598036,Jaipur,29-04-2013,SV Samson,Sawai Mansingh Stadium,0,RR,RCB,RR,field,RR,wickets,4,N,,M Erasmus,K Srinath
598037,Mumbai,29-04-2013,RG Sharma,Wankhede Stadium,0,MI,KXIP,MI,bat,MI,runs,4,N,,Asad Rauf,AK Chaudhary
598038,Pune,30-04-2013,MS Dhoni,Subrata Roy Sahara Stadium,0,Pune,CSK,CSK,bat,CSK,runs,37,N,,S Das,SJA Taufel
598039,Hyderabad,01-05-2013,I Sharma,"Rajiv Gandhi International Stadium, Uppal",0,SRH,MI,MI,bat,SRH,wickets,7,N,,Asad Rauf,S Asnani
598040,Raipur,01-05-2013,DA Warner,Shaheed Veer Narayan Singh International Stadium,0,DD,KKR,KKR,bat,DD,wickets,7,N,,HDPK Dharmasena,CK Nandan
598041,Chennai,02-05-2013,SK Raina,"MA Chidambaram Stadium, Chepauk",0,CSK,KXIP,CSK,bat,CSK,runs,15,N,,M Erasmus,VA Kulkarni
598042,Pune,02-05-2013,AB de Villiers,Subrata Roy Sahara Stadium,0,Pune,RCB,RCB,bat,RCB,runs,17,N,,Aleem Dar,C Shamshuddin
598043,Kolkata,03-05-2013,YK Pathan,Eden Gardens,0,KKR,RR,RR,bat,KKR,wickets,8,N,,HDPK Dharmasena,CK Nandan
598044,Hyderabad,04-05-2013,DJG Sammy,"Rajiv Gandhi International Stadium, Uppal",0,SRH,DD,DD,bat,SRH,wickets,6,N,,Asad Rauf,S Asnani
598045,Bangalore,14-05-2013,AC Gilchrist,M Chinnaswamy Stadium,0,RCB,KXIP,KXIP,field,KXIP,wickets,7,N,,HDPK Dharmasena,S Ravi
598046,Mumbai,05-05-2013,MG Johnson,Wankhede Stadium,0,MI,CSK,MI,bat,MI,runs,60,N,,HDPK Dharmasena,CK Nandan
598047,Jaipur,05-05-2013,AM Rahane,Sawai Mansingh Stadium,0,RR,Pune,Pune,bat,RR,wickets,5,N,,C Shamshuddin,RJ Tucker
598048,Bangalore,09-04-2013,V Kohli,M Chinnaswamy Stadium,0,RCB,SRH,SRH,bat,RCB,wickets,7,N,,S Ravi,SJA Taufel
598049,Jaipur,07-05-2013,AM Rahane,Sawai Mansingh Stadium,0,RR,DD,DD,bat,RR,wickets,9,N,,Aleem Dar,RJ Tucker
598050,Mumbai,07-05-2013,SR Tendulkar,Wankhede Stadium,0,MI,KKR,MI,bat,MI,runs,65,N,,HDPK Dharmasena,S Ravi
598051,Hyderabad,08-05-2013,SK Raina,"Rajiv Gandhi International Stadium, Uppal",0,SRH,CSK,SRH,field,CSK,runs,77,N,,S Das,NJ Llong
598052,Chandigarh,09-05-2013,KK Cooper,"Punjab Cricket Association Stadium, Mohali",0,KXIP,RR,RR,field,RR,wickets,8,N,,HDPK Dharmasena,S Ravi
598053,Pune,09-05-2013,G Gambhir,Subrata Roy Sahara Stadium,0,Pune,KKR,KKR,bat,KKR,runs,46,N,,Asad Rauf,S Asnani
598054,Delhi,10-05-2013,JD Unadkat,Feroz Shah Kotla,0,DD,RCB,DD,field,RCB,runs,4,N,,NJ Llong,K Srinath
598055,Pune,11-05-2013,MG Johnson,Subrata Roy Sahara Stadium,0,Pune,MI,Pune,bat,MI,wickets,5,N,,Asad Rauf,AK Chaudhary
598056,Chandigarh,11-05-2013,PA Patel,"Punjab Cricket Association Stadium, Mohali",0,KXIP,SRH,KXIP,field,SRH,runs,30,N,,S Das,RJ Tucker
598057,Ranchi,12-05-2013,JH Kallis,JSCA International Stadium Complex,0,KKR,RCB,KKR,field,KKR,wickets,5,N,,NJ Llong,K Srinath
598058,Jaipur,12-05-2013,SR Watson,Sawai Mansingh Stadium,0,RR,CSK,RR,field,RR,wickets,5,N,,HDPK Dharmasena,CK Nandan
598059,Delhi,23-04-2013,Harmeet Singh,Feroz Shah Kotla,0,DD,KXIP,KXIP,field,KXIP,wickets,5,N,,VA Kulkarni,K Srinath
598060,Mumbai,13-05-2013,KA Pollard,Wankhede Stadium,0,MI,SRH,SRH,bat,MI,wickets,7,N,,AK Chaudhary,SJA Taufel
598061,Ranchi,15-05-2013,MK Pandey,JSCA International Stadium Complex,0,KKR,Pune,KKR,field,Pune,runs,7,N,,NJ Llong,K Srinath
598062,Chennai,14-05-2013,MS Dhoni,"MA Chidambaram Stadium, Chepauk",0,CSK,DD,CSK,bat,CSK,runs,33,N,,C Shamshuddin,RJ Tucker
598063,Mumbai,15-05-2013,AP Tare,Wankhede Stadium,0,MI,RR,RR,field,MI,runs,14,N,,Asad Rauf,S Asnani
598064,Chandigarh,06-05-2013,DA Miller,"Punjab Cricket Association Stadium, Mohali",0,KXIP,RCB,KXIP,field,KXIP,wickets,6,N,,VA Kulkarni,NJ Llong
598065,Hyderabad,17-05-2013,A Mishra,"Rajiv Gandhi International Stadium, Uppal",0,SRH,RR,SRH,bat,SRH,runs,23,N,,Asad Rauf,AK Chaudhary
598066,Dharamsala,18-05-2013,Azhar Mahmood,Himachal Pradesh Cricket Association Stadium,0,KXIP,MI,MI,field,KXIP,runs,50,N,,HDPK Dharmasena,CK Nandan
598067,Pune,19-05-2013,LJ Wright,Subrata Roy Sahara Stadium,0,Pune,DD,Pune,bat,Pune,runs,38,N,,NJ Llong,SJA Taufel
598068,Bangalore,18-05-2013,V Kohli,M Chinnaswamy Stadium,0,RCB,CSK,CSK,field,RCB,runs,24,N,,C Shamshuddin,RJ Tucker
598069,Hyderabad,19-05-2013,PA Patel,"Rajiv Gandhi International Stadium, Uppal",0,SRH,KKR,KKR,bat,SRH,wickets,5,N,,Asad Rauf,S Asnani
598070,Delhi,21-05-2013,MEK Hussey,Feroz Shah Kotla,0,CSK,MI,CSK,bat,CSK,runs,48,N,,NJ Llong,RJ Tucker
598071,Delhi,22-05-2013,BJ Hodge,Feroz Shah Kotla,0,RR,SRH,SRH,bat,RR,wickets,4,N,,S Ravi,RJ Tucker
598072,Kolkata,24-05-2013,Harbhajan Singh,Eden Gardens,0,MI,RR,RR,bat,MI,wickets,4,N,,C Shamshuddin,SJA Taufel
598073,Kolkata,26-05-2013,KA Pollard,Eden Gardens,0,CSK,MI,MI,bat,MI,runs,23,N,,HDPK Dharmasena,SJA Taufel
729279,Abu Dhabi,16-04-2014,JH Kallis,Sheikh Zayed Stadium,1,MI,KKR,KKR,bat,KKR,runs,41,N,,M Erasmus,RK Illingworth
729283,Abu Dhabi,18-04-2014,GJ Maxwell,Sheikh Zayed Stadium,1,CSK,KXIP,CSK,bat,KXIP,wickets,6,N,,RK Illingworth,C Shamshuddin
729285,Abu Dhabi,18-04-2014,AM Rahane,Sheikh Zayed Stadium,1,SRH,RR,RR,field,RR,wickets,4,N,,BF Bowden,RK Illingworth
729293,Abu Dhabi,21-04-2014,SK Raina,Sheikh Zayed Stadium,1,CSK,DD,CSK,bat,CSK,runs,93,N,,RK Illingworth,C Shamshuddin
729305,Abu Dhabi,26-04-2014,PV Tambe,Sheikh Zayed Stadium,1,RR,RCB,RR,field,RR,wickets,6,N,,HDPK Dharmasena,C Shamshuddin
729307,Abu Dhabi,26-04-2014,Sandeep Sharma,Sheikh Zayed Stadium,1,KKR,KXIP,KKR,field,KXIP,runs,23,N,,HDPK Dharmasena,RK Illingworth
729315,Abu Dhabi,29-04-2014,JP Faulkner,Sheikh Zayed Stadium,1,KKR,RR,RR,bat,RR,tie,,Y,,Aleem Dar,AK Chaudhary
733971,Ranchi,02-05-2014,RA Jadeja,JSCA International Stadium Complex,0,CSK,KKR,CSK,bat,CSK,runs,34,N,,AK Chaudhary,NJ Llong
733973,Mumbai,03-05-2014,CJ Anderson,Wankhede Stadium,0,MI,KXIP,KXIP,bat,MI,wickets,5,N,,BNJ Oxenford,C Shamshuddin
733975,Delhi,03-05-2014,KK Nair,Feroz Shah Kotla,0,DD,RR,RR,field,RR,wickets,7,N,,SS Hazare,S Ravi
733977,Bangalore,04-05-2014,AB de Villiers,M Chinnaswamy Stadium,0,RCB,SRH,RCB,field,RCB,wickets,4,N,,HDPK Dharmasena,VA Kulkarni
733979,Ahmedabad,05-05-2014,PV Tambe,"Sardar Patel Stadium, Motera",0,RR,KKR,KKR,field,RR,runs,10,N,,NJ Llong,CK Nandan
733981,Delhi,05-05-2014,DR Smith,Feroz Shah Kotla,0,DD,CSK,CSK,field,CSK,wickets,8,N,,RM Deshpande,BNJ Oxenford
733983,Mumbai,06-05-2014,RG Sharma,Wankhede Stadium,0,MI,RCB,RCB,field,MI,runs,19,N,,S Ravi,K Srinath
733985,Delhi,07-05-2014,G Gambhir,Feroz Shah Kotla,0,DD,KKR,DD,bat,KKR,wickets,8,N,,BNJ Oxenford,C Shamshuddin
733987,Cuttack,07-05-2014,GJ Maxwell,Barabati Stadium,0,KXIP,CSK,CSK,field,KXIP,runs,44,N,,HDPK Dharmasena,PG Pathak
733989,Ahmedabad,08-05-2014,B Kumar,"Sardar Patel Stadium, Motera",0,RR,SRH,RR,field,SRH,runs,32,N,,AK Chaudhary,NJ Llong
733991,Bangalore,09-05-2014,Sandeep Sharma,M Chinnaswamy Stadium,0,RCB,KXIP,RCB,field,KXIP,runs,32,N,,S Ravi,K Srinath
733993,Delhi,10-05-2014,DW Steyn,Feroz Shah Kotla,0,DD,SRH,SRH,field,SRH,wickets,8,N,D/L,RM Deshpande,BNJ Oxenford
733995,Mumbai,10-05-2014,DR Smith,Wankhede Stadium,0,MI,CSK,CSK,field,CSK,wickets,4,N,,HDPK Dharmasena,VA Kulkarni
733997,Cuttack,11-05-2014,G Gambhir,Barabati Stadium,0,KXIP,KKR,KKR,field,KKR,wickets,9,N,,NJ Llong,CK Nandan
733999,Bangalore,11-05-2014,JP Faulkner,M Chinnaswamy Stadium,0,RCB,RR,RCB,bat,RR,wickets,5,N,,S Ravi,RJ Tucker
734001,Hyderabad,12-05-2014,AT Rayudu,"Rajiv Gandhi International Stadium, Uppal",0,SRH,MI,SRH,bat,MI,wickets,7,N,,HDPK Dharmasena,VA Kulkarni
734003,Ranchi,13-05-2014,RA Jadeja,JSCA International Stadium Complex,0,CSK,RR,RR,bat,CSK,wickets,5,N,,BNJ Oxenford,C Shamshuddin
734005,Bangalore,13-05-2014,Yuvraj Singh,M Chinnaswamy Stadium,0,RCB,DD,DD,field,RCB,runs,16,N,,K Srinath,RJ Tucker
734007,Hyderabad,14-05-2014,WP Saha,"Rajiv Gandhi International Stadium, Uppal",0,SRH,KXIP,KXIP,field,KXIP,wickets,6,N,,VA Kulkarni,PG Pathak
734009,Cuttack,14-05-2014,RV Uthappa,Barabati Stadium,0,KKR,MI,KKR,field,KKR,wickets,6,N,,AK Chaudhary,NJ Llong
734011,Ahmedabad,15-05-2014,AM Rahane,"Sardar Patel Stadium, Motera",0,RR,DD,DD,field,RR,runs,62,N,,S Ravi,RJ Tucker
734013,Ranchi,18-05-2014,AB de Villiers,JSCA International Stadium Complex,0,CSK,RCB,CSK,bat,RCB,wickets,5,N,,BNJ Oxenford,C Shamshuddin
734015,Hyderabad,18-05-2014,UT Yadav,"Rajiv Gandhi International Stadium, Uppal",0,SRH,KKR,SRH,bat,KKR,wickets,7,N,,NJ Llong,CK Nandan
734017,Ahmedabad,19-05-2014,MEK Hussey,"Sardar Patel Stadium, Motera",0,RR,MI,MI,bat,MI,runs,25,N,,S Ravi,RJ Tucker
734019,Delhi,19-05-2014,AR Patel,Feroz Shah Kotla,0,DD,KXIP,KXIP,field,KXIP,wickets,4,N,,HDPK Dharmasena,PG Pathak
734021,Hyderabad,20-05-2014,DA Warner,"Rajiv Gandhi International Stadium, Uppal",0,SRH,RCB,RCB,bat,SRH,wickets,7,N,,AK Chaudhary,NJ Llong
734023,Kolkata,20-05-2014,RV Uthappa,Eden Gardens,0,KKR,CSK,KKR,field,KKR,wickets,8,N,,RM Deshpande,C Shamshuddin
734025,Chandigarh,21-05-2014,LMP Simmons,"Punjab Cricket Association Stadium, Mohali",0,KXIP,MI,MI,field,MI,wickets,7,N,,HDPK Dharmasena,VA Kulkarni
734027,Kolkata,22-05-2014,RV Uthappa,Eden Gardens,0,KKR,RCB,RCB,field,KKR,runs,30,N,,AK Chaudhary,CK Nandan
734029,Ranchi,22-05-2014,DA Warner,JSCA International Stadium Complex,0,CSK,SRH,SRH,field,SRH,wickets,6,N,,BNJ Oxenford,C Shamshuddin
734031,Mumbai,23-05-2014,MEK Hussey,Wankhede Stadium,0,MI,DD,DD,field,MI,runs,15,N,,S Ravi,RJ Tucker
734033,Chandigarh,23-05-2014,SE Marsh,"Punjab Cricket Association Stadium, Mohali",0,KXIP,RR,RR,field,KXIP,runs,16,N,,HDPK Dharmasena,PG Pathak
734035,Bangalore,24-05-2014,MS Dhoni,M Chinnaswamy Stadium,0,RCB,CSK,CSK,field,CSK,wickets,8,N,,AK Chaudhary,NJ Llong
734037,Kolkata,24-05-2014,YK Pathan,Eden Gardens,0,KKR,SRH,KKR,field,KKR,wickets,4,N,,RM Deshpande,BNJ Oxenford
734039,Chandigarh,25-05-2014,M Vohra,"Punjab Cricket Association Stadium, Mohali",0,KXIP,DD,KXIP,field,KXIP,wickets,7,N,,HDPK Dharmasena,VA Kulkarni
734041,Mumbai,25-05-2014,CJ Anderson,Wankhede Stadium,0,MI,RR,MI,field,MI,wickets,5,N,,K Srinath,RJ Tucker
734043,Kolkata,27-05-2014,UT Yadav,Eden Gardens,0,KXIP,KKR,KXIP,field,KKR,runs,28,N,,NJ Llong,S Ravi
734045,Mumbai,28-05-2014,SK Raina,Brabourne Stadium,0,CSK,MI,CSK,field,CSK,wickets,7,N,,VA Kulkarni,BNJ Oxenford
734047,Mumbai,30-05-2014,V Sehwag,Wankhede Stadium,0,CSK,KXIP,CSK,field,KXIP,runs,24,N,,HDPK Dharmasena,RJ Tucker
734049,Bangalore,01-06-2014,MK Pandey,M Chinnaswamy Stadium,0,KKR,KXIP,KKR,field,KKR,wickets,3,N,,HDPK Dharmasena,BNJ Oxenford
829705,Kolkata,08-04-2015,M Morkel,Eden Gardens,0,KKR,MI,KKR,field,KKR,wickets,7,N,,S Ravi,C Shamshuddin
829707,Chennai,09-04-2015,A Nehra,"MA Chidambaram Stadium, Chepauk",0,CSK,DD,DD,field,CSK,runs,1,N,,RK Illingworth,VA Kulkarni
829709,Pune,10-04-2015,JP Faulkner,Maharashtra Cricket Association Stadium,0,KXIP,RR,KXIP,field,RR,runs,26,N,,SD Fry,CB Gaffaney
829711,Chennai,11-04-2015,BB McCullum,"MA Chidambaram Stadium, Chepauk",0,CSK,SRH,CSK,bat,CSK,runs,45,N,,RK Illingworth,VA Kulkarni
829713,Kolkata,11-04-2015,CH Gayle,Eden Gardens,0,KKR,RCB,RCB,field,RCB,wickets,3,N,,S Ravi,C Shamshuddin
829715,Delhi,12-04-2015,DJ Hooda,Feroz Shah Kotla,0,DD,RR,RR,field,RR,wickets,3,N,,SD Fry,CB Gaffaney
829717,Mumbai,12-04-2015,GJ Bailey,Wankhede Stadium,0,MI,KXIP,MI,field,KXIP,runs,18,N,,AK Chaudhary,K Srinivasan
829719,Bangalore,13-04-2015,DA Warner,M Chinnaswamy Stadium,0,RCB,SRH,SRH,field,SRH,wickets,8,N,,RM Deshpande,RK Illingworth
829721,Ahmedabad,14-04-2015,SPD Smith,"Sardar Patel Stadium, Motera",0,RR,MI,MI,bat,RR,wickets,7,N,,AK Chaudhary,SD Fry
829723,Kolkata,30-04-2015,AD Russell,Eden Gardens,0,KKR,CSK,KKR,field,KKR,wickets,7,N,,AK Chaudhary,M Erasmus
829725,Pune,15-04-2015,MA Agarwal,Maharashtra Cricket Association Stadium,0,KXIP,DD,KXIP,bat,DD,wickets,5,N,,CB Gaffaney,K Srinath
829727,Visakhapatnam,16-04-2015,AM Rahane,Dr. Y.S. Rajasekhara Reddy ACA-VDCA Cricket Stadium,0,SRH,RR,RR,field,RR,wickets,6,N,,PG Pathak,S Ravi
829729,Mumbai,17-04-2015,A Nehra,Wankhede Stadium,0,MI,CSK,MI,bat,CSK,wickets,6,N,,AK Chaudhary,M Erasmus
829731,Visakhapatnam,18-04-2015,JP Duminy,Dr. Y.S. Rajasekhara Reddy ACA-VDCA Cricket Stadium,0,SRH,DD,DD,bat,DD,runs,4,N,,PG Pathak,S Ravi
829733,Pune,18-04-2015,AD Russell,Maharashtra Cricket Association Stadium,0,KXIP,KKR,KKR,field,KKR,wickets,4,N,,SD Fry,CK Nandan
829735,Ahmedabad,19-04-2015,AM Rahane,"Sardar Patel Stadium, Motera",0,RR,CSK,CSK,bat,RR,wickets,8,N,,AK Chaudhary,M Erasmus
829737,Bangalore,19-04-2015,Harbhajan Singh,M Chinnaswamy Stadium,0,RCB,MI,RCB,field,MI,runs,18,N,,RK Illingworth,VA Kulkarni
829739,Delhi,20-04-2015,UT Yadav,Feroz Shah Kotla,0,DD,KKR,KKR,field,KKR,wickets,6,N,,SD Fry,CB Gaffaney
829741,Ahmedabad,21-04-2015,SE Marsh,"Sardar Patel Stadium, Motera",0,RR,KXIP,KXIP,field,KXIP,tie,,Y,,M Erasmus,S Ravi
829743,Visakhapatnam,22-04-2015,DA Warner,Dr. Y.S. Rajasekhara Reddy ACA-VDCA Cricket Stadium,0,SRH,KKR,KKR,field,SRH,runs,16,N,D/L,RK Illingworth,VA Kulkarni
829745,Bangalore,22-04-2015,SK Raina,M Chinnaswamy Stadium,0,RCB,CSK,RCB,field,CSK,runs,27,N,,JD Cloete,C Shamshuddin
829747,Delhi,23-04-2015,SS Iyer,Feroz Shah Kotla,0,DD,MI,MI,field,DD,runs,37,N,,SD Fry,CK Nandan
829749,Ahmedabad,24-04-2015,MA Starc,"Sardar Patel Stadium, Motera",0,RR,RCB,RCB,field,RCB,wickets,9,N,,M Erasmus,S Ravi
829751,Mumbai,25-04-2015,SL Malinga,Wankhede Stadium,0,MI,SRH,MI,bat,MI,runs,20,N,,HDPK Dharmasena,CB Gaffaney
829753,Chennai,25-04-2015,BB McCullum,"MA Chidambaram Stadium, Chepauk",0,CSK,KXIP,CSK,bat,CSK,runs,97,N,,JD Cloete,C Shamshuddin
829757,Delhi,26-04-2015,VR Aaron,Feroz Shah Kotla,0,DD,RCB,RCB,field,RCB,wickets,10,N,,M Erasmus,S Ravi
829759,Chandigarh,27-04-2015,TA Boult,"Punjab Cricket Association Stadium, Mohali",0,KXIP,SRH,KXIP,field,SRH,runs,20,N,,HDPK Dharmasena,CB Gaffaney
829761,Kolkata,07-05-2015,PP Chawla,Eden Gardens,0,KKR,DD,KKR,bat,KKR,runs,13,N,,AK Chaudhary,M Erasmus
829763,Bangalore,29-04-2015,,M Chinnaswamy Stadium,0,RCB,RR,RR,field,,,,,,JD Cloete,PG Pathak
829765,Chennai,28-04-2015,DJ Bravo,"MA Chidambaram Stadium, Chepauk",0,CSK,KKR,KKR,field,CSK,runs,2,N,,RM Deshpande,VA Kulkarni
829767,Delhi,01-05-2015,NM Coulter-Nile,Feroz Shah Kotla,0,DD,KXIP,DD,field,DD,wickets,9,N,,RK Illingworth,S Ravi
829769,Mumbai,01-05-2015,AT Rayudu,Wankhede Stadium,0,MI,RR,RR,field,MI,runs,8,N,,HDPK Dharmasena,CK Nandan
829771,Bangalore,02-05-2015,Mandeep Singh,M Chinnaswamy Stadium,0,RCB,KKR,RCB,field,RCB,wickets,7,N,,JD Cloete,PG Pathak
829773,Hyderabad,02-05-2015,DA Warner,"Rajiv Gandhi International Stadium, Uppal",0,SRH,CSK,CSK,field,SRH,runs,22,N,,AK Chaudhary,K Srinivasan
829775,Chandigarh,03-05-2015,LMP Simmons,"Punjab Cricket Association Stadium, Mohali",0,KXIP,MI,MI,bat,MI,runs,23,N,,RK Illingworth,VA Kulkarni
829777,Mumbai,03-05-2015,AM Rahane,Brabourne Stadium,0,RR,DD,DD,field,RR,runs,14,N,,HDPK Dharmasena,CB Gaffaney
829779,Chennai,04-05-2015,SK Raina,"MA Chidambaram Stadium, Chepauk",0,CSK,RCB,CSK,bat,CSK,runs,24,N,,C Shamshuddin,K Srinath
829781,Kolkata,04-05-2015,UT Yadav,Eden Gardens,0,KKR,SRH,SRH,field,KKR,runs,35,N,,AK Chaudhary,M Erasmus
829783,Mumbai,05-05-2015,Harbhajan Singh,Wankhede Stadium,0,MI,DD,DD,bat,MI,wickets,5,N,,HDPK Dharmasena,CB Gaffaney
829785,Bangalore,06-05-2015,CH Gayle,M Chinnaswamy Stadium,0,RCB,KXIP,KXIP,field,RCB,runs,138,N,,RK Illingworth,VA Kulkarni
829787,Mumbai,07-05-2015,EJG Morgan,Brabourne Stadium,0,RR,SRH,RR,field,SRH,runs,7,N,,JD Cloete,C Shamshuddin
829789,Chennai,08-05-2015,HH Pandya,"MA Chidambaram Stadium, Chepauk",0,CSK,MI,CSK,bat,MI,wickets,6,N,,CB Gaffaney,CK Nandan
829791,Kolkata,09-05-2015,AD Russell,Eden Gardens,0,KKR,KXIP,KXIP,bat,KKR,wickets,1,N,,AK Chaudhary,HDPK Dharmasena
829793,Raipur,09-05-2015,MC Henriques,Shaheed Veer Narayan Singh International Stadium,0,DD,SRH,SRH,bat,SRH,runs,6,N,,VA Kulkarni,S Ravi
829795,Mumbai,10-05-2015,AB de Villiers,Wankhede Stadium,0,MI,RCB,RCB,bat,RCB,runs,39,N,,JD Cloete,C Shamshuddin
829797,Chennai,10-05-2015,RA Jadeja,"MA Chidambaram Stadium, Chepauk",0,CSK,RR,CSK,bat,CSK,runs,12,N,,M Erasmus,CK Nandan
829799,Hyderabad,11-05-2015,DA Warner,"Rajiv Gandhi International Stadium, Uppal",0,SRH,KXIP,SRH,bat,SRH,runs,5,N,,AK Chaudhary,HDPK Dharmasena
829801,Raipur,12-05-2015,Z Khan,Shaheed Veer Narayan Singh International Stadium,0,DD,CSK,CSK,bat,DD,wickets,6,N,,RK Illingworth,VA Kulkarni
829803,Chandigarh,13-05-2015,AR Patel,"Punjab Cricket Association Stadium, Mohali",0,KXIP,RCB,RCB,field,KXIP,runs,22,N,,JD Cloete,C Shamshuddin
829805,Mumbai,14-05-2015,HH Pandya,Wankhede Stadium,0,MI,KKR,KKR,field,MI,runs,5,N,,RK Illingworth,VA Kulkarni
829807,Hyderabad,15-05-2015,V Kohli,"Rajiv Gandhi International Stadium, Uppal",0,SRH,RCB,SRH,bat,RCB,wickets,6,N,D/L,AK Chaudhary,HDPK Dharmasena
829809,Chandigarh,16-05-2015,P Negi,"Punjab Cricket Association Stadium, Mohali",0,KXIP,CSK,KXIP,bat,CSK,wickets,7,N,,CK Nandan,C Shamshuddin
829811,Mumbai,16-05-2015,SR Watson,Brabourne Stadium,0,RR,KKR,RR,bat,RR,runs,9,N,,RM Deshpande,RK Illingworth
829813,Bangalore,17-05-2015,,M Chinnaswamy Stadium,0,RCB,DD,RCB,field,,,,,,HDPK Dharmasena,K Srinivasan
829815,Hyderabad,17-05-2015,MJ McClenaghan,"Rajiv Gandhi International Stadium, Uppal",0,SRH,MI,SRH,bat,MI,wickets,9,N,,CB Gaffaney,K Srinath
829817,Mumbai,19-05-2015,KA Pollard,Wankhede Stadium,0,CSK,MI,MI,bat,MI,runs,25,N,,HDPK Dharmasena,RK Illingworth
829819,Pune,20-05-2015,AB de Villiers,Maharashtra Cricket Association Stadium,0,RCB,RR,RCB,bat,RCB,runs,71,N,,AK Chaudhary,C Shamshuddin
829821,Ranchi,22-05-2015,A Nehra,JSCA International Stadium Complex,0,CSK,RCB,CSK,field,CSK,wickets,3,N,,AK Chaudhary,CB Gaffaney
829823,Kolkata,24-05-2015,RG Sharma,Eden Gardens,0,MI,CSK,CSK,field,MI,runs,41,N,,HDPK Dharmasena,RK Illingworth
980901,Mumbai,09-04-2016,AM Rahane,Wankhede Stadium,0,MI,Pune,MI,bat,Pune,wickets,9,N,,HDPK Dharmasena,CK Nandan
980903,Kolkata,10-04-2016,AD Russell,Eden Gardens,0,KKR,DD,KKR,field,KKR,wickets,9,N,,S Ravi,C Shamshuddin
980905,Chandigarh,11-04-2016,AJ Finch,"Punjab Cricket Association IS Bindra Stadium, Mohali",0,KXIP,GL,GL,field,GL,wickets,5,N,,AK Chaudhary,VA Kulkarni
980907,Bangalore,12-04-2016,AB de Villiers,M Chinnaswamy Stadium,0,RCB,SRH,SRH,field,RCB,runs,45,N,,HDPK Dharmasena,VK Sharma
980909,Kolkata,13-04-2016,RG Sharma,Eden Gardens,0,KKR,MI,MI,field,MI,wickets,6,N,,Nitin Menon,S Ravi
980911,Rajkot,14-04-2016,AJ Finch,Saurashtra Cricket Association Stadium,0,GL,Pune,Pune,bat,GL,wickets,7,N,,VA Kulkarni,CK Nandan
980913,Delhi,15-04-2016,A Mishra,Feroz Shah Kotla,0,DD,KXIP,DD,field,DD,wickets,8,N,,S Ravi,C Shamshuddin
980915,Hyderabad,16-04-2016,G Gambhir,"Rajiv Gandhi International Stadium, Uppal",0,SRH,KKR,SRH,bat,KKR,wickets,8,N,,AK Chaudhary,CK Nandan
980917,Mumbai,16-04-2016,AJ Finch,Wankhede Stadium,0,MI,GL,GL,field,GL,wickets,3,N,,HDPK Dharmasena,VK Sharma
980919,Chandigarh,17-04-2016,M Vohra,"Punjab Cricket Association IS Bindra Stadium, Mohali",0,KXIP,Pune,Pune,bat,KXIP,wickets,6,N,,S Ravi,C Shamshuddin
980921,Bangalore,17-04-2016,Q de Kock,M Chinnaswamy Stadium,0,RCB,DD,DD,field,DD,wickets,7,N,,VA Kulkarni,A Nand Kishore
980923,Hyderabad,18-04-2016,DA Warner,"Rajiv Gandhi International Stadium, Uppal",0,SRH,MI,SRH,field,SRH,wickets,7,N,,HDPK Dharmasena,VK Sharma
980925,Chandigarh,19-04-2016,RV Uthappa,"Punjab Cricket Association IS Bindra Stadium, Mohali",0,KXIP,KKR,KKR,field,KKR,wickets,6,N,,S Ravi,C Shamshuddin
980927,Mumbai,20-04-2016,RG Sharma,Wankhede Stadium,0,MI,RCB,MI,field,MI,wickets,6,N,,AK Chaudhary,CK Nandan
980929,Rajkot,21-04-2016,B Kumar,Saurashtra Cricket Association Stadium,0,GL,SRH,SRH,field,SRH,wickets,10,N,,K Bharatan,HDPK Dharmasena
980931,Pune,22-04-2016,AB de Villiers,Maharashtra Cricket Association Stadium,0,Pune,RCB,Pune,field,RCB,runs,13,N,,CB Gaffaney,VK Sharma
980933,Delhi,23-04-2016,SV Samson,Feroz Shah Kotla,0,DD,MI,MI,field,DD,runs,10,N,,S Ravi,C Shamshuddin
980935,Hyderabad,23-04-2016,Mustafizur Rahman,"Rajiv Gandhi International Stadium, Uppal",0,SRH,KXIP,SRH,field,SRH,wickets,5,N,,AK Chaudhary,CK Nandan
980937,Rajkot,24-04-2016,V Kohli,Saurashtra Cricket Association Stadium,0,GL,RCB,RCB,bat,GL,wickets,6,N,,K Bharatan,BNJ Oxenford
980939,Pune,24-04-2016,SA Yadav,Maharashtra Cricket Association Stadium,0,Pune,KKR,KKR,field,KKR,wickets,2,N,,CB Gaffaney,A Nand Kishore
980941,Chandigarh,25-04-2016,PA Patel,"Punjab Cricket Association IS Bindra Stadium, Mohali",0,KXIP,MI,KXIP,field,MI,runs,25,N,,Nitin Menon,RJ Tucker
980943,Hyderabad,26-04-2016,AB Dinda,"Rajiv Gandhi International Stadium, Uppal",0,SRH,Pune,Pune,field,Pune,runs,34,N,D/L,AY Dandekar,CK Nandan
980945,Delhi,27-04-2016,CH Morris,Feroz Shah Kotla,0,DD,GL,DD,field,GL,runs,1,N,,M Erasmus,S Ravi
980947,Mumbai,28-04-2016,RG Sharma,Wankhede Stadium,0,MI,KKR,MI,field,MI,wickets,6,N,,Nitin Menon,RJ Tucker
980949,Pune,29-04-2016,DR Smith,Maharashtra Cricket Association Stadium,0,Pune,GL,GL,field,GL,wickets,3,N,,CB Gaffaney,BNJ Oxenford
980951,Delhi,30-04-2016,CR Brathwaite,Feroz Shah Kotla,0,DD,KKR,KKR,field,DD,runs,27,N,,KN Ananthapadmanabhan,M Erasmus
980953,Hyderabad,30-04-2016,DA Warner,"Rajiv Gandhi International Stadium, Uppal",0,SRH,RCB,RCB,field,SRH,runs,15,N,,AK Chaudhary,HDPK Dharmasena
980955,Rajkot,01-05-2016,AR Patel,Saurashtra Cricket Association Stadium,0,GL,KXIP,GL,field,KXIP,runs,23,N,,BNJ Oxenford,VK Sharma
980957,Pune,01-05-2016,RG Sharma,Maharashtra Cricket Association Stadium,0,Pune,MI,MI,field,MI,wickets,8,N,,AY Dandekar,RJ Tucker
980959,Bangalore,02-05-2016,AD Russell,M Chinnaswamy Stadium,0,RCB,KKR,KKR,field,KKR,wickets,5,N,,M Erasmus,S Ravi
980961,Rajkot,03-05-2016,RR Pant,Saurashtra Cricket Association Stadium,0,GL,DD,DD,field,DD,wickets,8,N,,CB Gaffaney,BNJ Oxenford
980963,Kolkata,04-05-2016,AD Russell,Eden Gardens,0,KKR,KXIP,KXIP,field,KKR,runs,7,N,,AK Chaudhary,HDPK Dharmasena
980965,Delhi,05-05-2016,AM Rahane,Feroz Shah Kotla,0,DD,Pune,Pune,field,Pune,wickets,7,N,,C Shamshuddin,RJ Tucker
980967,Hyderabad,06-05-2016,B Kumar,"Rajiv Gandhi International Stadium, Uppal",0,SRH,GL,SRH,field,SRH,wickets,5,N,,M Erasmus,S Ravi
980969,Bangalore,07-05-2016,V Kohli,M Chinnaswamy Stadium,0,RCB,Pune,RCB,field,RCB,wickets,7,N,,CB Gaffaney,BNJ Oxenford
980971,Chandigarh,07-05-2016,MP Stoinis,"Punjab Cricket Association IS Bindra Stadium, Mohali",0,KXIP,DD,DD,field,KXIP,runs,9,N,,HDPK Dharmasena,CK Nandan
980973,Visakhapatnam,08-05-2016,A Nehra,Dr. Y.S. Rajasekhara Reddy ACA-VDCA Cricket Stadium,0,MI,SRH,MI,field,SRH,runs,85,N,,S Ravi,C Shamshuddin
980975,Kolkata,08-05-2016,P Kumar,Eden Gardens,0,KKR,GL,GL,field,GL,wickets,5,N,,M Erasmus,RJ Tucker
980977,Chandigarh,09-05-2016,SR Watson,"Punjab Cricket Association IS Bindra Stadium, Mohali",0,KXIP,RCB,KXIP,field,RCB,runs,1,N,,AK Chaudhary,HDPK Dharmasena
980979,Visakhapatnam,10-05-2016,A Zampa,Dr. Y.S. Rajasekhara Reddy ACA-VDCA Cricket Stadium,0,Pune,SRH,SRH,bat,SRH,runs,4,N,,CB Gaffaney,VK Sharma
980981,Bangalore,11-05-2016,KH Pandya,M Chinnaswamy Stadium,0,RCB,MI,MI,field,MI,wickets,6,N,,AY Dandekar,C Shamshuddin
980983,Hyderabad,12-05-2016,CH Morris,"Rajiv Gandhi International Stadium, Uppal",0,SRH,DD,DD,field,DD,wickets,7,N,,K Bharatan,M Erasmus
980985,Visakhapatnam,13-05-2016,MP Stoinis,Dr. Y.S. Rajasekhara Reddy ACA-VDCA Cricket Stadium,0,MI,KXIP,MI,bat,KXIP,wickets,7,N,,HDPK Dharmasena,CK Nandan
980987,Bangalore,14-05-2016,AB de Villiers,M Chinnaswamy Stadium,0,RCB,GL,GL,field,RCB,runs,144,N,,AY Dandekar,VK Sharma
980989,Kolkata,14-05-2016,YK Pathan,Eden Gardens,0,KKR,Pune,Pune,bat,KKR,wickets,8,N,D/L,A Nand Kishore,BNJ Oxenford
980991,Chandigarh,15-05-2016,HM Amla,"Punjab Cricket Association IS Bindra Stadium, Mohali",0,KXIP,SRH,KXIP,bat,SRH,wickets,7,N,,KN Ananthapadmanabhan,M Erasmus
980993,Visakhapatnam,15-05-2016,KH Pandya,Dr. Y.S. Rajasekhara Reddy ACA-VDCA Cricket Stadium,0,MI,DD,DD,field,MI,runs,80,N,,Nitin Menon,CK Nandan
980995,Kolkata,16-05-2016,V Kohli,Eden Gardens,0,KKR,RCB,RCB,field,RCB,wickets,9,N,,CB Gaffaney,A Nand Kishore
980997,Visakhapatnam,17-05-2016,AB Dinda,Dr. Y.S. Rajasekhara Reddy ACA-VDCA Cricket Stadium,0,Pune,DD,Pune,field,Pune,runs,19,N,D/L,Nitin Menon,C Shamshuddin
980999,Bangalore,18-05-2016,V Kohli,M Chinnaswamy Stadium,0,RCB,KXIP,KXIP,field,RCB,runs,82,N,D/L,KN Ananthapadmanabhan,M Erasmus
981001,Kanpur,19-05-2016,DR Smith,Green Park,0,GL,KKR,GL,field,GL,wickets,6,N,,AK Chaudhary,CK Nandan
981003,Raipur,20-05-2016,KK Nair,Shaheed Veer Narayan Singh International Stadium,0,DD,SRH,DD,field,DD,wickets,6,N,,A Nand Kishore,BNJ Oxenford
981005,Visakhapatnam,21-05-2016,MS Dhoni,Dr. Y.S. Rajasekhara Reddy ACA-VDCA Cricket Stadium,0,Pune,KXIP,KXIP,bat,Pune,wickets,4,N,,HDPK Dharmasena,Nitin Menon
981007,Kanpur,21-05-2016,SK Raina,Green Park,0,GL,MI,GL,field,GL,wickets,6,N,,AK Chaudhary,CK Nandan
981009,Kolkata,22-05-2016,YK Pathan,Eden Gardens,0,KKR,SRH,SRH,field,KKR,runs,22,N,,KN Ananthapadmanabhan,M Erasmus
981011,Raipur,22-05-2016,V Kohli,Shaheed Veer Narayan Singh International Stadium,0,DD,RCB,RCB,field,RCB,wickets,6,N,,A Nand Kishore,BNJ Oxenford
981013,Bangalore,24-05-2016,AB de Villiers,M Chinnaswamy Stadium,0,GL,RCB,RCB,field,RCB,wickets,4,N,,AK Chaudhary,HDPK Dharmasena
981015,Delhi,25-05-2016,MC Henriques,Feroz Shah Kotla,0,SRH,KKR,KKR,field,SRH,runs,22,N,,M Erasmus,C Shamshuddin
981017,Delhi,27-05-2016,DA Warner,Feroz Shah Kotla,0,GL,SRH,SRH,field,SRH,wickets,4,N,,M Erasmus,CK Nandan
981019,Bangalore,29-05-2016,BCJ Cutting,M Chinnaswamy Stadium,0,RCB,SRH,SRH,bat,SRH,runs,8,N,,HDPK Dharmasena,BNJ Oxenford
1082591,Hyderabad,05-04-2017,Yuvraj Singh,"Rajiv Gandhi International Stadium, Uppal",0,SRH,RCB,RCB,field,SRH,runs,35,N,,AY Dandekar,NJ Llong
1082592,Pune,06-04-2017,SPD Smith,Maharashtra Cricket Association Stadium,0,Pune,MI,Pune,field,Pune,wickets,7,N,,A Nand Kishore,S Ravi
1082593,Rajkot,07-04-2017,CA Lynn,Saurashtra Cricket Association Stadium,0,GL,KKR,KKR,field,KKR,wickets,10,N,,Nitin Menon,CK Nandan
1082594,Indore,08-04-2017,GJ Maxwell,Holkar Cricket Stadium,0,KXIP,Pune,KXIP,field,KXIP,wickets,6,N,,AK Chaudhary,C Shamshuddin
1082595,Bengaluru,08-04-2017,KM Jadhav,M.Chinnaswamy Stadium,0,RCB,DD,RCB,bat,RCB,runs,15,N,,S Ravi,VK Sharma
1082596,Hyderabad,09-04-2017,Rashid Khan,"Rajiv Gandhi International Stadium, Uppal",0,SRH,GL,SRH,field,SRH,wickets,9,N,,A Deshmukh,NJ Llong
1082597,Mumbai,09-04-2017,N Rana,Wankhede Stadium,0,MI,KKR,MI,field,MI,wickets,4,N,,Nitin Menon,CK Nandan
1082598,Indore,10-04-2017,AR Patel,Holkar Cricket Stadium,0,KXIP,RCB,RCB,bat,KXIP,wickets,8,N,,AK Chaudhary,C Shamshuddin
1082599,Pune,11-04-2017,SV Samson,Maharashtra Cricket Association Stadium,0,Pune,DD,Pune,field,DD,runs,97,N,,AY Dandekar,S Ravi
1082600,Mumbai,12-04-2017,JJ Bumrah,Wankhede Stadium,0,MI,SRH,MI,field,MI,wickets,4,N,,Nitin Menon,CK Nandan
1082601,Kolkata,13-04-2017,SP Narine,Eden Gardens,0,KKR,KXIP,KKR,field,KKR,wickets,8,N,,A Deshmukh,NJ Llong
1082602,Bangalore,14-04-2017,KA Pollard,M Chinnaswamy Stadium,0,RCB,MI,MI,field,MI,wickets,4,N,,KN Ananthapadmanabhan,AK Chaudhary
1082603,Rajkot,14-04-2017,AJ Tye,Saurashtra Cricket Association Stadium,0,GL,Pune,GL,field,GL,wickets,7,N,,A Nand Kishore,S Ravi
1082604,Kolkata,15-04-2017,RV Uthappa,Eden Gardens,0,KKR,SRH,SRH,field,KKR,runs,17,N,,AY Dandekar,NJ Llong
1082605,Delhi,15-04-2017,CJ Anderson,Feroz Shah Kotla,0,DD,KXIP,DD,bat,DD,runs,51,N,,YC Barde,Nitin Menon
1082606,Mumbai,16-04-2017,N Rana,Wankhede Stadium,0,MI,GL,MI,field,MI,wickets,6,N,,A Nand Kishore,S Ravi
1082607,Bangalore,16-04-2017,BA Stokes,M Chinnaswamy Stadium,0,RCB,Pune,RCB,field,Pune,runs,27,N,,KN Ananthapadmanabhan,C Shamshuddin
1082608,Delhi,17-04-2017,NM Coulter-Nile,Feroz Shah Kotla,0,DD,KKR,DD,bat,KKR,wickets,4,N,,Nitin Menon,CK Nandan
1082609,Hyderabad,17-04-2017,B Kumar,"Rajiv Gandhi International Stadium, Uppal",0,SRH,KXIP,KXIP,field,SRH,runs,5,N,,AY Dandekar,A Deshmukh
1082610,Rajkot,18-04-2017,CH Gayle,Saurashtra Cricket Association Stadium,0,GL,RCB,GL,field,RCB,runs,21,N,,S Ravi,VK Sharma
1082611,Hyderabad,19-04-2017,KS Williamson,"Rajiv Gandhi International Stadium, Uppal",0,SRH,DD,SRH,bat,SRH,runs,15,N,,CB Gaffaney,NJ Llong
1082612,Indore,20-04-2017,JC Buttler,Holkar Cricket Stadium,0,KXIP,MI,MI,field,MI,wickets,8,N,,M Erasmus,C Shamshuddin
1082613,Kolkata,21-04-2017,SK Raina,Eden Gardens,0,KKR,GL,GL,field,GL,wickets,4,N,,CB Gaffaney,Nitin Menon
1082614,Mumbai,22-04-2017,MJ McClenaghan,Wankhede Stadium,0,MI,DD,DD,field,MI,runs,14,N,,A Nand Kishore,S Ravi
1082615,Pune,22-04-2017,MS Dhoni,Maharashtra Cricket Association Stadium,0,Pune,SRH,Pune,field,Pune,wickets,6,N,,AY Dandekar,A Deshmukh
1082616,Rajkot,23-04-2017,HM Amla,Saurashtra Cricket Association Stadium,0,GL,KXIP,GL,field,KXIP,runs,26,N,,AK Chaudhary,M Erasmus
1082617,Kolkata,23-04-2017,NM Coulter-Nile,Eden Gardens,0,KKR,RCB,RCB,field,KKR,runs,82,N,,CB Gaffaney,CK Nandan
1082618,Mumbai,24-04-2017,BA Stokes,Wankhede Stadium,0,MI,Pune,MI,field,Pune,runs,3,N,,A Nand Kishore,S Ravi
1082620,Pune,26-04-2017,RV Uthappa,Maharashtra Cricket Association Stadium,0,Pune,KKR,KKR,field,KKR,wickets,7,N,,AY Dandekar,NJ Llong
1082621,Bangalore,27-04-2017,AJ Tye,M Chinnaswamy Stadium,0,RCB,GL,GL,field,GL,wickets,7,N,,AK Chaudhary,C Shamshuddin
1082622,Kolkata,28-04-2017,G Gambhir,Eden Gardens,0,KKR,DD,KKR,field,KKR,wickets,7,N,,NJ Llong,S Ravi
1082623,Chandigarh,28-04-2017,Rashid Khan,"Punjab Cricket Association IS Bindra Stadium, Mohali",0,KXIP,SRH,KXIP,field,SRH,runs,26,N,,Nitin Menon,CK Nandan
1082624,Pune,29-04-2017,LH Ferguson,Maharashtra Cricket Association Stadium,0,Pune,RCB,RCB,field,Pune,runs,61,N,,KN Ananthapadmanabhan,M Erasmus
1082625,Rajkot,29-04-2017,KH Pandya,Saurashtra Cricket Association Stadium,0,GL,MI,GL,bat,MI,tie,,Y,,AK Chaudhary,CB Gaffaney
1082626,Chandigarh,30-04-2017,Sandeep Sharma,"Punjab Cricket Association IS Bindra Stadium, Mohali",0,KXIP,DD,KXIP,field,KXIP,wickets,10,N,,YC Barde,CK Nandan
1082627,Hyderabad,30-04-2017,DA Warner,"Rajiv Gandhi International Stadium, Uppal",0,SRH,KKR,KKR,field,SRH,runs,48,N,,AY Dandekar,S Ravi
1082628,Mumbai,01-05-2017,RG Sharma,Wankhede Stadium,0,MI,RCB,RCB,bat,MI,wickets,5,N,,AK Chaudhary,CB Gaffaney
1082629,Pune,01-05-2017,BA Stokes,Maharashtra Cricket Association Stadium,0,Pune,GL,Pune,field,Pune,wickets,5,N,,M Erasmus,C Shamshuddin
1082630,Delhi,02-05-2017,Mohammed Shami,Feroz Shah Kotla,0,DD,SRH,DD,field,DD,wickets,6,N,,YC Barde,Nitin Menon
1082631,Kolkata,03-05-2017,RA Tripathi,Eden Gardens,0,KKR,Pune,Pune,field,Pune,wickets,4,N,,KN Ananthapadmanabhan,A Nand Kishore
1082632,Delhi,04-05-2017,RR Pant,Feroz Shah Kotla,0,DD,GL,DD,field,DD,wickets,7,N,,M Erasmus,Nitin Menon
1082633,Bangalore,05-05-2017,Sandeep Sharma,M Chinnaswamy Stadium,0,RCB,KXIP,RCB,field,KXIP,runs,19,N,,CB Gaffaney,C Shamshuddin
1082634,Hyderabad,06-05-2017,JD Unadkat,"Rajiv Gandhi International Stadium, Uppal",0,SRH,Pune,SRH,field,Pune,runs,12,N,,KN Ananthapadmanabhan,AK Chaudhary
1082635,Delhi,06-05-2017,LMP Simmons,Feroz Shah Kotla,0,DD,MI,DD,field,MI,runs,146,N,,Nitin Menon,CK Nandan
1082636,Bangalore,07-05-2017,SP Narine,M Chinnaswamy Stadium,0,RCB,KKR,KKR,field,KKR,wickets,6,N,,AY Dandekar,C Shamshuddin
1082637,Chandigarh,07-05-2017,DR Smith,"Punjab Cricket Association IS Bindra Stadium, Mohali",0,KXIP,GL,GL,field,GL,wickets,6,N,,A Nand Kishore,VK Sharma
1082638,Hyderabad,08-05-2017,S Dhawan,"Rajiv Gandhi International Stadium, Uppal",0,SRH,MI,MI,bat,SRH,wickets,7,N,,KN Ananthapadmanabhan,M Erasmus
1082639,Chandigarh,09-05-2017,MM Sharma,"Punjab Cricket Association IS Bindra Stadium, Mohali",0,KXIP,KKR,KKR,field,KXIP,runs,14,N,,A Nand Kishore,S Ravi
1082640,Kanpur,10-05-2017,SS Iyer,Green Park,0,GL,DD,DD,field,DD,wickets,2,N,,YC Barde,AK Chaudhary
1082641,Mumbai,11-05-2017,WP Saha,Wankhede Stadium,0,MI,KXIP,MI,field,KXIP,runs,7,N,,A Deshmukh,A Nand Kishore
1082642,Delhi,12-05-2017,KK Nair,Feroz Shah Kotla,0,DD,Pune,DD,bat,DD,runs,7,N,,KN Ananthapadmanabhan,CK Nandan
1082643,Kanpur,13-05-2017,Mohammed Siraj,Green Park,0,GL,SRH,SRH,field,SRH,wickets,8,N,,AK Chaudhary,Nitin Menon
1082644,Kolkata,13-05-2017,AT Rayudu,Eden Gardens,0,KKR,MI,KKR,field,MI,runs,9,N,,A Nand Kishore,S Ravi
1082645,Pune,14-05-2017,JD Unadkat,Maharashtra Cricket Association Stadium,0,Pune,KXIP,Pune,field,Pune,wickets,9,N,,AY Dandekar,A Deshmukh
1082646,Delhi,14-05-2017,HV Patel,Feroz Shah Kotla,0,DD,RCB,RCB,bat,RCB,runs,10,N,,CK Nandan,C Shamshuddin
1082647,Mumbai,16-05-2017,Washington Sundar,Wankhede Stadium,0,MI,Pune,MI,field,Pune,runs,20,N,,S Ravi,C Shamshuddin
1082648,Bangalore,17-05-2017,NM Coulter-Nile,M Chinnaswamy Stadium,0,SRH,KKR,KKR,field,KKR,wickets,7,N,D/L,AK Chaudhary,Nitin Menon
1082649,Bangalore,19-05-2017,KV Sharma,M Chinnaswamy Stadium,0,MI,KKR,MI,field,MI,wickets,6,N,,NJ Llong,Nitin Menon
1082650,Hyderabad,21-05-2017,KH Pandya,"Rajiv Gandhi International Stadium, Uppal",0,MI,Pune,MI,bat,MI,runs,1,N,,NJ Llong,S Ravi
1136561,Mumbai,07-04-2018,DJ Bravo,Wankhede Stadium,0,MI,CSK,CSK,field,CSK,wickets,1,N,,CB Gaffaney,A Nand Kishore
1136562,Chandigarh,08-04-2018,KL Rahul,"Punjab Cricket Association IS Bindra Stadium, Mohali",0,KXIP,DD,KXIP,field,KXIP,wickets,6,N,,KN Ananthapadmanabhan,RJ Tucker
1136563,Kolkata,08-04-2018,SP Narine,Eden Gardens,0,KKR,RCB,KKR,field,KKR,wickets,4,N,,C Shamshuddin,A Deshmukh
1136564,Hyderabad,09-04-2018,S Dhawan,"Rajiv Gandhi International Stadium, Uppal",0,SRH,RR,SRH,field,SRH,wickets,9,N,,VA Kulkarni,NJ Llong
1136565,Chennai,10-04-2018,SW Billings,"MA Chidambaram Stadium, Chepauk",0,CSK,KKR,CSK,field,CSK,wickets,5,N,,CB Gaffaney,AK Chaudhary
1136566,Jaipur,11-04-2018,SV Samson,Sawai Mansingh Stadium,0,RR,DD,DD,field,RR,runs,10,N,D/L,KN Ananthapadmanabhan,Nitin Menon
1136567,Hyderabad,12-04-2018,Rashid Khan,"Rajiv Gandhi International Stadium, Uppal",0,SRH,MI,SRH,field,SRH,wickets,1,N,,NJ Llong,CK Nandan
1136568,Bengaluru,13-04-2018,UT Yadav,M.Chinnaswamy Stadium,0,RCB,KXIP,RCB,field,RCB,wickets,4,N,,A Deshmukh,S Ravi
1136569,Mumbai,14-04-2018,JJ Roy,Wankhede Stadium,0,MI,DD,DD,field,DD,wickets,7,N,,KN Ananthapadmanabhan,Nitin Menon
1136570,Kolkata,14-04-2018,B Stanlake,Eden Gardens,0,KKR,SRH,SRH,field,SRH,wickets,5,N,,AK Chaudhary,A Nand Kishore
1136571,Bengaluru,15-04-2018,SV Samson,M.Chinnaswamy Stadium,0,RCB,RR,RCB,field,RR,runs,19,N,,C Shamshuddin,S Ravi
1136572,Chandigarh,15-04-2018,CH Gayle,"Punjab Cricket Association IS Bindra Stadium, Mohali",0,KXIP,CSK,CSK,field,KXIP,runs,4,N,,VA Kulkarni,CK Nandan
1136573,Kolkata,16-04-2018,N Rana,Eden Gardens,0,KKR,DD,DD,field,KKR,runs,71,N,,AK Chaudhary,A Nand Kishore
1136574,Mumbai,17-04-2018,RG Sharma,Wankhede Stadium,0,MI,RCB,RCB,field,MI,runs,46,N,,RJ Tucker,Nitin Menon
1136575,Jaipur,18-04-2018,N Rana,Sawai Mansingh Stadium,0,RR,KKR,KKR,field,KKR,wickets,7,N,,A Deshmukh,S Ravi
1136576,Chandigarh,19-04-2018,CH Gayle,"Punjab Cricket Association IS Bindra Stadium, Mohali",0,KXIP,SRH,KXIP,bat,KXIP,runs,15,N,,NJ Llong,AK Chaudhary
1136577,Pune,20-04-2018,SR Watson,Maharashtra Cricket Association Stadium,0,CSK,RR,RR,field,CSK,runs,64,N,,KN Ananthapadmanabhan,Nitin Menon
1136578,Kolkata,21-04-2018,KL Rahul,Eden Gardens,0,KKR,KXIP,KXIP,field,KXIP,wickets,9,N,D/L,C Shamshuddin,A Deshmukh
1136579,Bengaluru,21-04-2018,AB de Villiers,M.Chinnaswamy Stadium,0,RCB,DD,RCB,field,RCB,wickets,6,N,,CB Gaffaney,CK Nandan
1136580,Hyderabad,22-04-2018,AT Rayudu,"Rajiv Gandhi International Stadium, Uppal",0,SRH,CSK,SRH,field,CSK,runs,4,N,,VA Kulkarni,AK Chaudhary
1136581,Jaipur,22-04-2018,JC Archer,Sawai Mansingh Stadium,0,RR,MI,MI,bat,RR,wickets,3,N,,KN Ananthapadmanabhan,RJ Tucker
1136582,Delhi,23-04-2018,AS Rajpoot,Feroz Shah Kotla,0,DD,KXIP,DD,field,KXIP,runs,4,N,,A Nand Kishore,CK Nandan
1136583,Mumbai,24-04-2018,Rashid Khan,Wankhede Stadium,0,MI,SRH,MI,field,SRH,runs,31,N,,C Shamshuddin,S Ravi
1136584,Bengaluru,25-04-2018,MS Dhoni,M.Chinnaswamy Stadium,0,RCB,CSK,CSK,field,CSK,wickets,5,N,,NJ Llong,VK Sharma
1136585,Hyderabad,26-04-2018,AS Rajpoot,"Rajiv Gandhi International Stadium, Uppal",0,SRH,KXIP,KXIP,field,SRH,runs,13,N,,YC Barde,CK Nandan
1136586,Delhi,27-04-2018,SS Iyer,Feroz Shah Kotla,0,DD,KKR,KKR,field,DD,runs,55,N,,C Shamshuddin,S Ravi
1136587,Pune,28-04-2018,RG Sharma,Maharashtra Cricket Association Stadium,0,CSK,MI,MI,field,MI,wickets,8,N,,CB Gaffaney,Nitin Menon
1136588,Jaipur,29-04-2018,KS Williamson,Sawai Mansingh Stadium,0,RR,SRH,SRH,bat,SRH,runs,11,N,,BNJ Oxenford,A Nand Kishore
1136589,Bengaluru,29-04-2018,CA Lynn,M.Chinnaswamy Stadium,0,RCB,KKR,KKR,field,KKR,wickets,6,N,,NJ Llong,AK Chaudhary
1136590,Pune,30-04-2018,SR Watson,Maharashtra Cricket Association Stadium,0,CSK,DD,DD,field,CSK,runs,13,N,,AY Dandekar,C Shamshuddin
1136591,Bengaluru,01-05-2018,TG Southee,M.Chinnaswamy Stadium,0,RCB,MI,MI,field,RCB,runs,14,N,,M Erasmus,Nitin Menon
1136592,Delhi,02-05-2018,RR Pant,Feroz Shah Kotla,0,DD,RR,RR,field,DD,runs,4,N,D/L,VK Sharma,CK Nandan
1136593,Kolkata,03-05-2018,SP Narine,Eden Gardens,0,KKR,CSK,KKR,field,KKR,wickets,6,N,,HDPK Dharmasena,A Deshmukh
1136594,Indore,04-05-2018,SA Yadav,Holkar Cricket Stadium,0,KXIP,MI,MI,field,MI,wickets,6,N,,AY Dandekar,S Ravi
1136595,Pune,05-05-2018,RA Jadeja,Maharashtra Cricket Association Stadium,0,CSK,RCB,CSK,field,CSK,wickets,6,N,,Nitin Menon,YC Barde
1136596,Hyderabad,05-05-2018,Rashid Khan,"Rajiv Gandhi International Stadium, Uppal",0,SRH,DD,DD,bat,SRH,wickets,7,N,,BNJ Oxenford,CK Nandan
1136597,Mumbai,06-05-2018,HH Pandya,Wankhede Stadium,0,MI,KKR,KKR,field,MI,runs,13,N,,HDPK Dharmasena,A Deshmukh
1136598,Indore,06-05-2018,Mujeeb Ur Rahman,Holkar Cricket Stadium,0,KXIP,RR,KXIP,field,KXIP,wickets,6,N,,C Shamshuddin,S Ravi
1136599,Hyderabad,07-05-2018,KS Williamson,"Rajiv Gandhi International Stadium, Uppal",0,SRH,RCB,RCB,field,SRH,runs,5,N,,BNJ Oxenford,VK Sharma
1136600,Jaipur,08-05-2018,JC Buttler,Sawai Mansingh Stadium,0,RR,KXIP,RR,bat,RR,runs,15,N,,M Erasmus,Nitin Menon
1136601,Kolkata,09-05-2018,Ishan Kishan,Eden Gardens,0,KKR,MI,KKR,field,MI,runs,102,N,,KN Ananthapadmanabhan,AK Chaudhary
1136602,Delhi,10-05-2018,S Dhawan,Feroz Shah Kotla,0,DD,SRH,DD,bat,SRH,wickets,9,N,,AY Dandekar,C Shamshuddin
1136603,Jaipur,11-05-2018,JC Buttler,Sawai Mansingh Stadium,0,RR,CSK,CSK,bat,RR,wickets,4,N,,M Erasmus,YC Barde
1136604,Indore,12-05-2018,SP Narine,Holkar Cricket Stadium,0,KXIP,KKR,KXIP,field,KKR,runs,31,N,,VK Sharma,CK Nandan
1136605,Delhi,12-05-2018,AB de Villiers,Feroz Shah Kotla,0,DD,RCB,RCB,field,RCB,wickets,5,N,,KN Ananthapadmanabhan,HDPK Dharmasena
1136606,Pune,13-05-2018,AT Rayudu,Maharashtra Cricket Association Stadium,0,CSK,SRH,CSK,field,CSK,wickets,8,N,,M Erasmus,YC Barde
1136607,Mumbai,13-05-2018,JC Buttler,Wankhede Stadium,0,MI,RR,RR,field,RR,wickets,7,N,,Nitin Menon,S Ravi
1136608,Indore,14-05-2018,UT Yadav,Holkar Cricket Stadium,0,KXIP,RCB,RCB,field,RCB,wickets,10,N,,BNJ Oxenford,VK Sharma
1136609,Kolkata,15-05-2018,Kuldeep Yadav,Eden Gardens,0,KKR,RR,KKR,field,KKR,wickets,6,N,,HDPK Dharmasena,AK Chaudhary
1136610,Mumbai,16-05-2018,JJ Bumrah,Wankhede Stadium,0,MI,KXIP,KXIP,field,MI,runs,3,N,,M Erasmus,Nitin Menon
1136611,Bengaluru,17-05-2018,AB de Villiers,M.Chinnaswamy Stadium,0,RCB,SRH,SRH,field,RCB,runs,14,N,,AY Dandekar,S Ravi
1136612,Delhi,18-05-2018,HV Patel,Feroz Shah Kotla,0,DD,CSK,CSK,field,DD,runs,34,N,,VA Kulkarni,HDPK Dharmasena
1136613,Jaipur,19-05-2018,S Gopal,Sawai Mansingh Stadium,0,RR,RCB,RR,bat,RR,runs,30,N,,BNJ Oxenford,VK Sharma
1136614,Hyderabad,19-05-2018,CA Lynn,"Rajiv Gandhi International Stadium, Uppal",0,SRH,KKR,SRH,bat,KKR,wickets,5,N,,AK Chaudhary,S Ravi
1136615,Delhi,20-05-2018,A Mishra,Feroz Shah Kotla,0,DD,MI,DD,bat,DD,runs,11,N,,HDPK Dharmasena,CK Nandan
1136616,Pune,20-05-2018,L Ngidi,Maharashtra Cricket Association Stadium,0,CSK,KXIP,CSK,field,CSK,wickets,5,N,,Nitin Menon,YC Barde
1136617,Mumbai,22-05-2018,F du Plessis,Wankhede Stadium,0,SRH,CSK,CSK,field,CSK,wickets,2,N,,C Shamshuddin,M Erasmus
1136618,Kolkata,23-05-2018,AD Russell,Eden Gardens,0,KKR,RR,RR,field,KKR,runs,25,N,,AK Chaudhary,Nitin Menon
1136619,Kolkata,25-05-2018,Rashid Khan,Eden Gardens,0,KKR,SRH,KKR,field,SRH,runs,14,N,,HDPK Dharmasena,Nitin Menon
1136620,Mumbai,27-05-2018,SR Watson,Wankhede Stadium,0,CSK,SRH,CSK,field,CSK,wickets,8,N,,M Erasmus,S Ravi
1175356,Chennai,23-03-2019,Harbhajan Singh,"MA Chidambaram Stadium, Chepauk",0,CSK,RCB,CSK,field,CSK,wickets,7,N,,AY Dandekar,BNJ Oxenford
1175357,Kolkata,24-03-2019,AD Russell,Eden Gardens,0,KKR,SRH,KKR,field,KKR,wickets,6,N,,CB Gaffaney,AK Chaudhary
1175358,Mumbai,24-03-2019,RR Pant,Wankhede Stadium,0,MI,DC,MI,field,DC,runs,37,N,,YC Barde,S Ravi
1175359,Jaipur,25-03-2019,CH Gayle,Sawai Mansingh Stadium,0,RR,KXIP,RR,field,KXIP,runs,14,N,,KN Ananthapadmanabhan,C Shamshuddin
1175360,Delhi,26-03-2019,SR Watson,Feroz Shah Kotla,0,DC,CSK,DC,bat,CSK,wickets,6,N,,M Erasmus,Nitin Menon
1175361,Kolkata,27-03-2019,AD Russell,Eden Gardens,0,KKR,KXIP,KXIP,field,KKR,runs,28,N,,VA Kulkarni,AK Chaudhary
1175362,Bengaluru,28-03-2019,JJ Bumrah,M.Chinnaswamy Stadium,0,RCB,MI,RCB,field,MI,runs,6,N,,CK Nandan,S Ravi
1175363,Hyderabad,29-03-2019,Rashid Khan,"Rajiv Gandhi International Stadium, Uppal",0,SRH,RR,RR,bat,SRH,wickets,5,N,,C Shamshuddin,BNJ Oxenford
1175364,Chandigarh,30-03-2019,MA Agarwal,"Punjab Cricket Association IS Bindra Stadium, Mohali",0,KXIP,MI,KXIP,field,KXIP,wickets,8,N,,VA Kulkarni,CB Gaffaney
1175365,Delhi,30-03-2019,PP Shaw,Feroz Shah Kotla,0,DC,KKR,DC,field,DC,tie,,Y,,AY Dandekar,Nitin Menon
1175366,Hyderabad,31-03-2019,JM Bairstow,"Rajiv Gandhi International Stadium, Uppal",0,SRH,RCB,RCB,field,SRH,runs,118,N,,KN Ananthapadmanabhan,S Ravi
1175367,Chennai,31-03-2019,MS Dhoni,"MA Chidambaram Stadium, Chepauk",0,CSK,RR,RR,field,CSK,runs,8,N,,YC Barde,CK Nandan
1175368,Chandigarh,01-04-2019,SM Curran,"Punjab Cricket Association IS Bindra Stadium, Mohali",0,KXIP,DC,DC,field,KXIP,runs,14,N,,CB Gaffaney,AK Chaudhary
1175369,Jaipur,02-04-2019,S Gopal,Sawai Mansingh Stadium,0,RR,RCB,RR,field,RR,wickets,7,N,,AY Dandekar,M Erasmus
1175370,Mumbai,03-04-2019,HH Pandya,Wankhede Stadium,0,MI,CSK,CSK,field,MI,runs,37,N,,RJ Tucker,BNJ Oxenford
1175371,Delhi,04-04-2019,JM Bairstow,Feroz Shah Kotla,0,DC,SRH,SRH,field,SRH,wickets,5,N,,KN Ananthapadmanabhan,C Shamshuddin
1175372,Bengaluru,05-04-2019,AD Russell,M.Chinnaswamy Stadium,0,RCB,KKR,KKR,field,KKR,wickets,5,N,,CB Gaffaney,AK Chaudhary
1178393,Chennai,06-04-2019,Harbhajan Singh,"MA Chidambaram Stadium, Chepauk",0,CSK,KXIP,CSK,bat,CSK,runs,22,N,,KN Ananthapadmanabhan,RJ Tucker
1178394,Hyderabad,06-04-2019,AS Joseph,"Rajiv Gandhi International Stadium, Uppal",0,SRH,MI,SRH,field,MI,runs,40,N,,AY Dandekar,Nitin Menon
1178395,Bengaluru,07-04-2019,K Rabada,M.Chinnaswamy Stadium,0,RCB,DC,DC,field,DC,wickets,4,N,,YC Barde,S Ravi
1178396,Jaipur,07-04-2019,HF Gurney,Sawai Mansingh Stadium,0,RR,KKR,KKR,field,KKR,wickets,8,N,,CB Gaffaney,AK Chaudhary
1178397,Chandigarh,08-04-2019,KL Rahul,"Punjab Cricket Association IS Bindra Stadium, Mohali",0,KXIP,SRH,KXIP,field,KXIP,wickets,6,N,,AY Dandekar,M Erasmus
1178398,Chennai,09-04-2019,DL Chahar,"MA Chidambaram Stadium, Chepauk",0,CSK,KKR,CSK,field,CSK,wickets,7,N,,RJ Tucker,C Shamshuddin
1178399,Mumbai,10-04-2019,KA Pollard,Wankhede Stadium,0,MI,KXIP,MI,field,MI,wickets,3,N,,YC Barde,S Ravi
1178400,Jaipur,11-04-2019,MS Dhoni,Sawai Mansingh Stadium,0,RR,CSK,CSK,field,CSK,wickets,4,N,,UV Gandhe,BNJ Oxenford
1178401,Kolkata,12-04-2019,S Dhawan,Eden Gardens,0,KKR,DC,DC,field,DC,wickets,7,N,,YC Barde,CK Nandan
1178402,Mumbai,13-04-2019,JC Buttler,Wankhede Stadium,0,MI,RR,RR,field,RR,wickets,4,N,,Nitin Menon,A Nand Kishore
1178403,Chandigarh,13-04-2019,AB de Villiers,"Punjab Cricket Association IS Bindra Stadium, Mohali",0,KXIP,RCB,RCB,field,RCB,wickets,8,N,,UV Gandhe,S Ravi
1178404,Kolkata,14-04-2019,Imran Tahir,Eden Gardens,0,KKR,CSK,CSK,field,CSK,wickets,5,N,,RJ Tucker,CK Nandan
1178405,Hyderabad,14-04-2019,KMA Paul,"Rajiv Gandhi International Stadium, Uppal",0,SRH,DC,SRH,field,DC,runs,39,N,,BNJ Oxenford,AK Chaudhary
1178406,Mumbai,15-04-2019,SL Malinga,Wankhede Stadium,0,MI,RCB,MI,field,MI,wickets,5,N,,M Erasmus,Nitin Menon
1178407,Chandigarh,16-04-2019,R Ashwin,"Punjab Cricket Association IS Bindra Stadium, Mohali",0,KXIP,RR,RR,field,KXIP,runs,12,N,,VA Kulkarni,AK Chaudhary
1178408,Hyderabad,17-04-2019,DA Warner,"Rajiv Gandhi International Stadium, Uppal",0,SRH,CSK,CSK,bat,SRH,wickets,6,N,,UV Gandhe,IJ Gould
1178409,Delhi,18-04-2019,HH Pandya,Feroz Shah Kotla,0,DC,MI,MI,bat,MI,runs,40,N,,BNJ Oxenford,NJ Llong
1178410,Kolkata,19-04-2019,V Kohli,Eden Gardens,0,KKR,RCB,KKR,field,RCB,runs,10,N,,IJ Gould,Nitin Menon
1178411,Jaipur,20-04-2019,SPD Smith,Sawai Mansingh Stadium,0,RR,MI,RR,field,RR,wickets,5,N,,YC Barde,S Ravi
1178412,Delhi,20-04-2019,SS Iyer,Feroz Shah Kotla,0,DC,KXIP,DC,field,DC,wickets,5,N,,UV Gandhe,C Shamshuddin
1178413,Hyderabad,21-04-2019,KK Ahmed,"Rajiv Gandhi International Stadium, Uppal",0,SRH,KKR,SRH,field,SRH,wickets,9,N,,NJ Llong,Nitin Menon
1178414,Bengaluru,21-04-2019,PA Patel,M.Chinnaswamy Stadium,0,RCB,CSK,CSK,field,RCB,runs,1,N,,RJ Tucker,VA Kulkarni
1178415,Jaipur,22-04-2019,RR Pant,Sawai Mansingh Stadium,0,RR,DC,DC,field,DC,wickets,6,N,,A Nand Kishore,S Ravi
1178416,Chennai,23-04-2019,SR Watson,"MA Chidambaram Stadium, Chepauk",0,CSK,SRH,CSK,field,CSK,wickets,6,N,,NJ Llong,AK Chaudhary
1178417,Bengaluru,24-04-2019,AB de Villiers,M.Chinnaswamy Stadium,0,RCB,KXIP,KXIP,field,RCB,runs,17,N,,C Shamshuddin,BNJ Oxenford
1178418,Kolkata,25-04-2019,VR Aaron,Eden Gardens,0,KKR,RR,RR,field,RR,wickets,3,N,,AY Dandekar,IJ Gould
1178419,Chennai,26-04-2019,RG Sharma,"MA Chidambaram Stadium, Chepauk",0,CSK,MI,CSK,field,MI,runs,46,N,,NJ Llong,AK Chaudhary
1178420,Jaipur,27-04-2019,JD Unadkat,Sawai Mansingh Stadium,0,RR,SRH,RR,field,RR,wickets,7,N,,YC Barde,A Nand Kishore
1178421,Delhi,28-04-2019,S Dhawan,Feroz Shah Kotla,0,DC,RCB,DC,bat,DC,runs,16,N,,KN Ananthapadmanabhan,BNJ Oxenford
1178422,Kolkata,28-04-2019,AD Russell,Eden Gardens,0,KKR,MI,MI,field,KKR,runs,34,N,,IJ Gould,Nitin Menon
1178423,Hyderabad,29-04-2019,DA Warner,"Rajiv Gandhi International Stadium, Uppal",0,SRH,KXIP,KXIP,field,SRH,runs,45,N,,CK Nandan,S Ravi
1178424,Bengaluru,30-04-2019,,M.Chinnaswamy Stadium,0,RCB,RR,RR,field,,,,,,UV Gandhe,NJ Llong
1178425,Chennai,01-05-2019,MS Dhoni,"MA Chidambaram Stadium, Chepauk",0,CSK,DC,DC,field,CSK,runs,80,N,,AY Dandekar,Nitin Menon
1178426,Mumbai,02-05-2019,JJ Bumrah,Wankhede Stadium,0,MI,SRH,MI,bat,MI,tie,,Y,,CK Nandan,S Ravi
1178427,Chandigarh,03-05-2019,Shubman Gill,"Punjab Cricket Association IS Bindra Stadium, Mohali",0,KXIP,KKR,KKR,field,KKR,wickets,7,N,,C Shamshuddin,BNJ Oxenford
1178428,Delhi,04-05-2019,A Mishra,Feroz Shah Kotla,0,DC,RR,RR,bat,DC,wickets,5,N,,AY Dandekar,IJ Gould
1178429,Bengaluru,04-05-2019,SO Hetmyer,M.Chinnaswamy Stadium,0,RCB,SRH,RCB,field,RCB,wickets,4,N,,NJ Llong,AK Chaudhary
1178430,Chandigarh,05-05-2019,KL Rahul,"Punjab Cricket Association IS Bindra Stadium, Mohali",0,KXIP,CSK,KXIP,field,KXIP,wickets,6,N,,KN Ananthapadmanabhan,C Shamshuddin
1178431,Mumbai,05-05-2019,HH Pandya,Wankhede Stadium,0,MI,KKR,MI,field,MI,wickets,9,N,,A Nand Kishore,CK Nandan
1181764,Chennai,07-05-2019,SA Yadav,"MA Chidambaram Stadium, Chepauk",0,MI,CSK,CSK,bat,MI,wickets,6,N,,NJ Llong,Nitin Menon
1181766,Visakhapatnam,08-05-2019,RR Pant,Dr. Y.S. Rajasekhara Reddy ACA-VDCA Cricket Stadium,0,DC,SRH,DC,field,DC,wickets,2,N,,BNJ Oxenford,S Ravi
1181767,Visakhapatnam,10-05-2019,F du Plessis,Dr. Y.S. Rajasekhara Reddy ACA-VDCA Cricket Stadium,0,CSK,DC,CSK,field,CSK,wickets,6,N,,BNJ Oxenford,S Ravi
1181768,Hyderabad,12-05-2019,JJ Bumrah,"Rajiv Gandhi International Stadium, Uppal",0,MI,CSK,MI,bat,MI,runs,1,N,,IJ Gould,Nitin Menon
1216492,Abu Dhabi,19-09-2020,AT Rayudu,Sheikh Zayed Stadium,0,MI,CSK,CSK,field,CSK,wickets,5,N,,CB Gaffaney,VK Sharma
1216493,Dubai,20-09-2020,MP Stoinis,Dubai International Cricket Stadium,0,DC,KXIP,KXIP,field,DC,tie,,Y,,AK Chaudhary,Nitin Menon
1216494,Abu Dhabi,21-10-2020,Mohammed Siraj,Sheikh Zayed Stadium,0,KKR,RCB,KKR,bat,RCB,wickets,8,N,,VK Sharma,S Ravi
1216495,Sharjah,03-11-2020,S Nadeem,Sharjah Cricket Stadium,0,MI,SRH,SRH,field,SRH,wickets,10,N,,C Shamshuddin,RK Illingworth
1216496,Sharjah,22-09-2020,SV Samson,Sharjah Cricket Stadium,0,RR,CSK,CSK,field,RR,runs,16,N,,C Shamshuddin,VA Kulkarni
1216497,Abu Dhabi,24-10-2020,CV Varun,Sheikh Zayed Stadium,0,KKR,DC,DC,field,KKR,runs,59,N,,CB Gaffaney,PG Pathak
1216498,Dubai,24-10-2020,CJ Jordan,Dubai International Cricket Stadium,0,KXIP,SRH,SRH,field,KXIP,runs,12,N,,AY Dandekar,PR Reiffel
1216499,Abu Dhabi,28-10-2020,SA Yadav,Sheikh Zayed Stadium,0,RCB,MI,MI,field,MI,wickets,5,N,,UV Gandhe,CB Gaffaney
1216500,Sharjah,09-10-2020,R Ashwin,Sharjah Cricket Stadium,0,DC,RR,RR,field,DC,runs,46,N,,KN Ananthapadmanabhan,C Shamshuddin
1216501,Abu Dhabi,07-10-2020,RA Tripathi,Sheikh Zayed Stadium,0,KKR,CSK,KKR,bat,KKR,runs,10,N,,KN Ananthapadmanabhan,RK Illingworth
1216502,Sharjah,31-10-2020,Sandeep Sharma,Sharjah Cricket Stadium,0,RCB,SRH,SRH,field,SRH,wickets,5,N,,KN Ananthapadmanabhan,K Srinivasan
1216503,Abu Dhabi,01-10-2020,KA Pollard,Sheikh Zayed Stadium,0,MI,KXIP,KXIP,field,MI,runs,48,N,,VK Sharma,S Ravi
1216504,Dubai,30-09-2020,Shivam Mavi,Dubai International Cricket Stadium,0,KKR,RR,RR,field,KKR,runs,37,N,,KN Ananthapadmanabhan,C Shamshuddin
1216505,Abu Dhabi,02-11-2020,A Nortje,Sheikh Zayed Stadium,0,RCB,DC,DC,field,DC,wickets,6,N,,CB Gaffaney,S Ravi
1216506,Abu Dhabi,01-11-2020,RD Gaikwad,Sheikh Zayed Stadium,0,KXIP,CSK,CSK,field,CSK,wickets,9,N,,PG Pathak,VK Sharma
1216507,Dubai,11-10-2020,R Tewatia,Dubai International Cricket Stadium,0,SRH,RR,SRH,bat,RR,wickets,5,N,,YC Barde,PR Reiffel
1216508,Abu Dhabi,23-09-2020,RG Sharma,Sheikh Zayed Stadium,0,MI,KKR,KKR,field,MI,runs,49,N,,CB Gaffaney,S Ravi
1216509,Sharjah,17-10-2020,S Dhawan,Sharjah Cricket Stadium,0,CSK,DC,CSK,bat,DC,wickets,5,N,,KN Ananthapadmanabhan,RK Illingworth
1216510,Dubai,24-09-2020,KL Rahul,Dubai International Cricket Stadium,0,KXIP,RCB,RCB,field,KXIP,runs,97,N,,AK Chaudhary,PR Reiffel
1216511,Abu Dhabi,06-10-2020,SA Yadav,Sheikh Zayed Stadium,0,MI,RR,MI,bat,MI,runs,57,N,,VK Sharma,S Ravi
1216512,Abu Dhabi,18-10-2020,LH Ferguson,Sheikh Zayed Stadium,0,KKR,SRH,SRH,field,KKR,tie,,Y,,PG Pathak,S Ravi
1216513,Dubai,04-10-2020,SR Watson,Dubai International Cricket Stadium,0,KXIP,CSK,KXIP,bat,CSK,wickets,10,N,,AY Dandekar,Nitin Menon
1216514,Abu Dhabi,03-10-2020,YS Chahal,Sheikh Zayed Stadium,0,RR,RCB,RR,bat,RCB,wickets,8,N,,CB Gaffaney,S Ravi
1216515,Sharjah,03-10-2020,SS Iyer,Sharjah Cricket Stadium,0,DC,KKR,KKR,field,DC,runs,18,N,,VA Kulkarni,RK Illingworth
1216516,Dubai,02-10-2020,PK Garg,Dubai International Cricket Stadium,0,SRH,CSK,SRH,bat,SRH,runs,7,N,,AK Chaudhary,PR Reiffel
1216517,Dubai,18-10-2020,KL Rahul,Dubai International Cricket Stadium,0,MI,KXIP,MI,bat,KXIP,tie,,Y,,Nitin Menon,PR Reiffel
1216518,Dubai,22-10-2020,MK Pandey,Dubai International Cricket Stadium,0,RR,SRH,SRH,field,SRH,wickets,8,N,,Nitin Menon,PR Reiffel
1216519,Dubai,05-10-2020,AR Patel,Dubai International Cricket Stadium,0,DC,RCB,RCB,field,DC,runs,59,N,,Nitin Menon,YC Barde
1216520,Sharjah,26-10-2020,CH Gayle,Sharjah Cricket Stadium,0,KKR,KXIP,KXIP,field,KXIP,wickets,8,N,,KN Ananthapadmanabhan,RK Illingworth
1216521,Sharjah,23-10-2020,TA Boult,Sharjah Cricket Stadium,0,CSK,MI,MI,field,MI,wickets,10,N,,C Shamshuddin,VA Kulkarni
1216522,Dubai,17-10-2020,AB de Villiers,Dubai International Cricket Stadium,0,RR,RCB,RR,bat,RCB,wickets,7,N,,AK Chaudhary,Nitin Menon
1216523,Abu Dhabi,10-10-2020,KD Karthik,Sheikh Zayed Stadium,0,KKR,KXIP,KKR,bat,KKR,runs,2,N,,UV Gandhe,CB Gaffaney
1216524,Dubai,27-10-2020,WP Saha,Dubai International Cricket Stadium,0,SRH,DC,DC,field,SRH,runs,88,N,,AK Chaudhary,Nitin Menon
1216525,Dubai,10-10-2020,V Kohli,Dubai International Cricket Stadium,0,RCB,CSK,RCB,bat,RCB,runs,37,N,,AK Chaudhary,PR Reiffel
1216526,Abu Dhabi,16-10-2020,Q de Kock,Sheikh Zayed Stadium,0,KKR,MI,KKR,bat,MI,wickets,8,N,,CB Gaffaney,VK Sharma
1216527,Sharjah,27-09-2020,SV Samson,Sharjah Cricket Stadium,0,KXIP,RR,RR,field,RR,wickets,4,N,,RK Illingworth,K Srinivasan
1216528,Dubai,13-10-2020,RA Jadeja,Dubai International Cricket Stadium,0,CSK,SRH,CSK,bat,CSK,runs,20,N,,AK Chaudhary,PR Reiffel
1216529,Abu Dhabi,11-10-2020,Q de Kock,Sheikh Zayed Stadium,0,DC,MI,DC,bat,MI,wickets,5,N,,CB Gaffaney,S Ravi
1216530,Dubai,01-11-2020,PJ Cummins,Dubai International Cricket Stadium,0,KKR,RR,RR,field,KKR,runs,60,N,,Nitin Menon,PR Reiffel
1216531,Sharjah,15-10-2020,KL Rahul,Sharjah Cricket Stadium,0,RCB,KXIP,RCB,bat,KXIP,wickets,8,N,,KN Ananthapadmanabhan,C Shamshuddin
1216532,Abu Dhabi,29-09-2020,Rashid Khan,Sheikh Zayed Stadium,0,SRH,DC,DC,field,SRH,runs,15,N,,VK Sharma,S Ravi
1216533,Abu Dhabi,19-10-2020,JC Buttler,Sheikh Zayed Stadium,0,CSK,RR,CSK,bat,RR,wickets,7,N,,CB Gaffaney,VK Sharma
1216534,Dubai,21-09-2020,YS Chahal,Dubai International Cricket Stadium,0,RCB,SRH,SRH,field,RCB,runs,10,N,,AY Dandekar,Nitin Menon
1216535,Dubai,31-10-2020,Ishan Kishan,Dubai International Cricket Stadium,0,DC,MI,MI,field,MI,wickets,9,N,,YC Barde,PR Reiffel
1216536,Dubai,29-10-2020,RD Gaikwad,Dubai International Cricket Stadium,0,KKR,CSK,CSK,field,CSK,wickets,6,N,,C Shamshuddin,RK Illingworth
1216537,Abu Dhabi,30-10-2020,BA Stokes,Sheikh Zayed Stadium,0,KXIP,RR,RR,field,RR,wickets,7,N,,CB Gaffaney,S Ravi
1216538,Sharjah,04-10-2020,TA Boult,Sharjah Cricket Stadium,0,MI,SRH,MI,bat,MI,runs,34,N,,KN Ananthapadmanabhan,RK Illingworth
1216539,Dubai,25-09-2020,PP Shaw,Dubai International Cricket Stadium,0,DC,CSK,CSK,field,DC,runs,44,N,,KN Ananthapadmanabhan,RK Illingworth
1216540,Sharjah,12-10-2020,AB de Villiers,Sharjah Cricket Stadium,0,RCB,KKR,RCB,bat,RCB,runs,82,N,,RK Illingworth,K Srinivasan
1216541,Abu Dhabi,25-10-2020,BA Stokes,Sheikh Zayed Stadium,0,MI,RR,MI,bat,RR,wickets,8,N,,UV Gandhe,VK Sharma
1216542,Dubai,08-10-2020,JM Bairstow,Dubai International Cricket Stadium,0,SRH,KXIP,SRH,bat,SRH,runs,69,N,,AK Chaudhary,Nitin Menon
1216543,Dubai,14-10-2020,A Nortje,Dubai International Cricket Stadium,0,DC,RR,DC,bat,DC,runs,13,N,,AK Chaudhary,Nitin Menon
1216544,Dubai,25-10-2020,RD Gaikwad,Dubai International Cricket Stadium,0,RCB,CSK,RCB,bat,CSK,wickets,8,N,,C Shamshuddin,RK Illingworth
1216545,Abu Dhabi,26-09-2020,Shubman Gill,Sheikh Zayed Stadium,0,SRH,KKR,SRH,bat,KKR,wickets,7,N,,CB Gaffaney,VK Sharma
1216546,Dubai,20-10-2020,S Dhawan,Dubai International Cricket Stadium,0,DC,KXIP,DC,bat,KXIP,wickets,5,N,,C Shamshuddin,RK Illingworth
1216547,Dubai,28-09-2020,AB de Villiers,Dubai International Cricket Stadium,0,RCB,MI,MI,field,RCB,tie,,Y,,Nitin Menon,PR Reiffel
1237177,Dubai,05-11-2020,JJ Bumrah,Dubai International Cricket Stadium,0,MI,DC,DC,field,MI,runs,57,N,,CB Gaffaney,Nitin Menon
1237178,Abu Dhabi,06-11-2020,KS Williamson,Sheikh Zayed Stadium,0,RCB,SRH,SRH,field,SRH,wickets,6,N,,PR Reiffel,S Ravi
1237180,Abu Dhabi,08-11-2020,MP Stoinis,Sheikh Zayed Stadium,0,DC,SRH,DC,bat,DC,runs,17,N,,PR Reiffel,S Ravi
1237181,Dubai,10-11-2020,TA Boult,Dubai International Cricket Stadium,0,DC,MI,DC,bat,MI,wickets,5,N,,CB Gaffaney,Nitin Menon
