id,city,player_of_match,motm_team,non_motm_team,team1,team2,toss_winner,toss_decision,winner,eliminator,batting_team,bowling_team,year
729279,Abu Dhabi,JH Kallis,KKR,MI,MI,KKR,KKR,bat,KKR,N,KKR,MI,2014
729283,Abu Dhabi,GJ Maxwell,KXIP,CSK,CSK,KXIP,CSK,bat,KXIP,N,KXIP,CSK,2014
729285,Abu Dhabi,AM Rahane,RR,SRH,SRH,RR,RR,field,RR,N,RR,SRH,2014
729293,Abu Dhabi,SK Raina,CSK,DC,CSK,DC,CSK,bat,CSK,N,CSK,DD,2014
729305,Abu Dhabi,PV Tambe,RR,RCB,RR,RCB,RR,field,RR,N,RCB,RR,2014
729307,Abu Dhabi,Sandeep Sharma,KXIP,KKR,KKR,KXIP,KKR,field,KXIP,N,KKR,KXIP,2014
729315,Abu Dhabi,JP Faulkner,RR,KKR,KKR,RR,RR,bat,RR,Y,RR,KKR,2014
1216492,Abu Dhabi,AT Rayudu,CSK,MI,MI,CSK,CSK,field,CSK,N,CSK,MI,2020
1216494,Abu Dhabi,Mohammed Siraj,RCB,KKR,KKR,RCB,KKR,bat,RCB,N,KKR,RCB,2020
1216497,Abu Dhabi,CV Varun,KKR,DC,KKR,DC,DC,field,KKR,N,DC,KKR,2020
1216499,Abu Dhabi,SA Yadav,MI,RCB,RCB,MI,MI,field,MI,N,MI,RCB,2020
1216501,Abu Dhabi,RA Tripathi,KKR,CSK,KKR,CSK,KKR,bat,KKR,N,KKR,CSK,2020
1216503,Abu Dhabi,KA Pollard,MI,KXIP,MI,KXIP,KXIP,field,MI,N,MI,KXIP,2020
1216505,Abu Dhabi,A Nortje,DC,RCB,RCB,DC,DC,field,DC,N,RCB,DC,2020
1216506,Abu Dhabi,RD Gaikwad,CSK,KXIP,KXIP,CSK,CSK,field,CSK,N,CSK,KXIP,2020
1216508,Abu Dhabi,RG Sharma,MI,KKR,MI,KKR,KKR,field,MI,N,MI,KKR,2020
1216511,Abu Dhabi,SA Yadav,MI,RR,MI,RR,MI,bat,MI,N,MI,RR,2020
1216512,Abu Dhabi,LH Ferguson,KKR,SRH,KKR,SRH,SRH,field,KKR,Y,SRH,KKR,2020
1216514,Abu Dhabi,YS Chahal,RCB,RR,RR,RCB,RR,bat,RCB,N,RR,RCB,2020
1216523,Abu Dhabi,KD Karthik,KKR,KXIP,KKR,KXIP,KKR,bat,KKR,N,KKR,KXIP,2020
1216526,Abu Dhabi,Q de Kock,MI,KKR,KKR,MI,KKR,bat,MI,N,MI,KKR,2020
1216529,Abu Dhabi,Q de Kock,MI,DC,DC,MI,DC,bat,MI,N,MI,DC,2020
1216532,Abu Dhabi,Rashid Khan,SRH,DC,SRH,DC,DC,field,SRH,N,DC,SRH,2020
1216533,Abu Dhabi,JC Buttler,RR,CSK,CSK,RR,CSK,bat,RR,N,RR,CSK,2020
1216537,Abu Dhabi,BA Stokes,RR,KXIP,KXIP,RR,RR,field,RR,N,KXIP,RR,2020
1216541,Abu Dhabi,BA Stokes,RR,MI,MI,RR,MI,bat,RR,N,RR,MI,2020
1216545,Abu Dhabi,Shubman Gill,KKR,SRH,SRH,KKR,SRH,bat,KKR,N,KKR,SRH,2020
1237178,Abu Dhabi,KS Williamson,SRH,RCB,RCB,SRH,SRH,field,SRH,N,SRH,RCB,2020
1237180,Abu Dhabi,MP Stoinis,DC,SRH,DC,SRH,DC,bat,DC,N,DC,SRH,2020
419111,Ahmedabad,V Sehwag,DD,RR,RR,DC,DC,field,DC,N,DD,RR,2010
419118,Ahmedabad,AA Jhunjhunwala,RR,KKR,RR,KKR,RR,bat,RR,N,RR,KKR,2010
419126,Ahmedabad,YK Pathan,RR,SRH,RR,SRH,SRH,bat,RR,N,SRH,RR,2010
419129,Ahmedabad,NV Ojha,RR,CSK,RR,CSK,RR,bat,RR,N,RR,CSK,2010
733979,Ahmedabad,PV Tambe,RR,KKR,RR,KKR,KKR,field,RR,N,KKR,RR,2014
733989,Ahmedabad,B Kumar,SRH,RR,RR,SRH,RR,field,SRH,N,RR,SRH,2014
734011,Ahmedabad,AM Rahane,RR,DC,RR,DC,DC,field,RR,N,RR,DD,2014
734017,Ahmedabad,MEK Hussey,MI,RR,RR,MI,MI,bat,MI,N,MI,RR,2014
829721,Ahmedabad,SPD Smith,RR,MI,RR,MI,MI,bat,RR,N,RR,MI,2015
829735,Ahmedabad,AM Rahane,RR,CSK,RR,CSK,CSK,bat,RR,N,RR,CSK,2015
829741,Ahmedabad,SE Marsh,KXIP,RR,RR,KXIP,KXIP,field,KXIP,Y,KXIP,RR,2015
829749,Ahmedabad,MA Starc,RCB,RR,RR,RCB,RCB,field,RCB,N,RR,RCB,2015
335982,Bangalore,BB McCullum,KKR,RCB,RCB,KKR,RCB,field,KKR,N,KKR,RCB,2008
335992,Bangalore,SR Watson,RR,RCB,RCB,RR,RR,field,RR,N,RCB,RR,2008
335996,Bangalore,MS Dhoni,CSK,RCB,RCB,CSK,CSK,bat,CSK,N,CSK,RCB,2008
336006,Bangalore,S Sreesanth,KXIP,RCB,RCB,KXIP,KXIP,field,KXIP,N,RCB,KXIP,2008
336012,Bangalore,CRD Fernando,MI,RCB,RCB,MI,MI,field,MI,N,RCB,MI,2008
336026,Bangalore,SP Goswami,RCB,DC,RCB,DC,DC,field,DC,N,RCB,DD,2008
336034,Bangalore,P Kumar,RCB,SRH,RCB,SRH,SRH,field,RCB,N,SRH,RCB,2008
419112,Bangalore,JH Kallis,RCB,KXIP,RCB,KXIP,KXIP,bat,RCB,N,RCB,KXIP,2010
419115,Bangalore,JH Kallis,RCB,RR,RCB,RR,RCB,field,RCB,N,RCB,RR,2010
419123,Bangalore,RV Uthappa,RCB,CSK,RCB,CSK,CSK,field,RCB,N,RCB,CSK,2010
419128,Bangalore,KM Jadhav,DD,RCB,RCB,DC,RCB,field,DC,N,DD,RCB,2010
419145,Bangalore,TL Suman,SRH,RCB,RCB,SRH,SRH,field,SRH,N,SRH,RCB,2010
419148,Bangalore,R Vinay Kumar,RCB,KKR,RCB,KKR,RCB,field,RCB,N,KKR,RCB,2010
419157,Bangalore,R McLaren,MI,RCB,RCB,MI,RCB,field,MI,N,RCB,MI,2010
501205,Bangalore,SR Tendulkar,MI,RCB,RCB,MI,MI,field,MI,N,MI,RCB,2011
501232,Bangalore,V Kohli,RCB,Pune,RCB,Pune,Pune,field,RCB,N,RCB,Pune,2011
501244,Bangalore,CH Gayle,RCB,KXIP,RCB,KXIP,KXIP,field,RCB,N,KXIP,RCB,2011
501247,Bangalore,CH Gayle,RCB,KTK,RCB,KTK,KTK,bat,RCB,N,RCB,KTK,2011
501255,Bangalore,CH Gayle,RCB,KKR,RCB,KKR,RCB,field,RCB,N,RCB,KKR,2011
501266,Bangalore,CH Gayle,RCB,CSK,RCB,CSK,RCB,field,RCB,N,CSK,RCB,2011
548310,Bangalore,AB de Villiers,RCB,DC,RCB,DC,DC,field,RCB,N,RCB,DD,2012
548315,Bangalore,L Balaji,KKR,RCB,RCB,KKR,RCB,field,KKR,N,RCB,KKR,2012
548324,Bangalore,AM Rahane,RR,RCB,RCB,RR,RR,bat,RR,N,RR,RCB,2012
548327,Bangalore,CH Gayle,RCB,Pune,RCB,Pune,Pune,bat,RCB,N,RCB,Pune,2012
548350,Bangalore,Azhar Mahmood,KXIP,RCB,RCB,KXIP,KXIP,field,KXIP,N,RCB,KXIP,2012
548356,Bangalore,AB de Villiers,RCB,SRH,RCB,SRH,RCB,field,RCB,N,RCB,SRH,2012
548367,Bangalore,AT Rayudu,MI,RCB,RCB,MI,MI,field,MI,N,MI,RCB,2012
548379,Bangalore,MS Dhoni,CSK,MI,CSK,MI,MI,field,CSK,N,CSK,MI,2012
597999,Bangalore,CH Gayle,RCB,MI,RCB,MI,MI,field,RCB,N,RCB,MI,2013
598008,Bangalore,CH Gayle,RCB,KKR,RCB,KKR,RCB,field,RCB,N,RCB,KKR,2013
598017,Bangalore,V Kohli,RCB,DC,RCB,DC,RCB,field,RCB,Y,RCB,DD,2013
598023,Bangalore,R Vinay Kumar,RCB,RR,RCB,RR,RCB,field,RCB,N,RR,RCB,2013
598027,Bangalore,CH Gayle,RCB,Pune,RCB,Pune,Pune,field,RCB,N,RCB,Pune,2013
598045,Bangalore,AC Gilchrist,KXIP,RCB,RCB,KXIP,KXIP,field,KXIP,N,KXIP,RCB,2013
598048,Bangalore,V Kohli,RCB,SRH,RCB,SRH,SRH,bat,RCB,N,RCB,SRH,2013
598068,Bangalore,V Kohli,RCB,CSK,RCB,CSK,CSK,field,RCB,N,RCB,CSK,2013
733977,Bangalore,AB de Villiers,RCB,SRH,RCB,SRH,RCB,field,RCB,N,RCB,SRH,2014
733991,Bangalore,Sandeep Sharma,KXIP,RCB,RCB,KXIP,RCB,field,KXIP,N,RCB,KXIP,2014
733999,Bangalore,JP Faulkner,RR,RCB,RCB,RR,RCB,bat,RR,N,RR,RCB,2014
734005,Bangalore,Yuvraj Singh,RCB,DC,RCB,DC,DC,field,RCB,N,DD,RCB,2014
734035,Bangalore,MS Dhoni,CSK,RCB,RCB,CSK,CSK,field,CSK,N,CSK,RCB,2014
734049,Bangalore,MK Pandey,KKR,KXIP,KKR,KXIP,KKR,field,KKR,N,KKR,KXIP,2014
829719,Bangalore,DA Warner,SRH,RCB,RCB,SRH,SRH,field,SRH,N,SRH,RCB,2015
829737,Bangalore,Harbhajan Singh,MI,RCB,RCB,MI,RCB,field,MI,N,RCB,MI,2015
829745,Bangalore,SK Raina,CSK,RCB,RCB,CSK,RCB,field,CSK,N,CSK,RCB,2015
829771,Bangalore,Mandeep Singh,RCB,KKR,RCB,KKR,RCB,field,RCB,N,RCB,KKR,2015
829785,Bangalore,CH Gayle,RCB,KXIP,RCB,KXIP,KXIP,field,RCB,N,RCB,KXIP,2015
980907,Bangalore,AB de Villiers,RCB,SRH,RCB,SRH,SRH,field,RCB,N,RCB,SRH,2016
980921,Bangalore,Q de Kock,DD,RCB,RCB,DC,DC,field,DC,N,DD,RCB,2016
980959,Bangalore,AD Russell,KKR,RCB,RCB,KKR,KKR,field,KKR,N,RCB,KKR,2016
980969,Bangalore,V Kohli,RCB,Pune,RCB,Pune,RCB,field,RCB,N,RCB,Pune,2016
980981,Bangalore,KH Pandya,MI,RCB,RCB,MI,MI,field,MI,N,RCB,MI,2016
980987,Bangalore,AB de Villiers,RCB,GL,RCB,GL,GL,field,RCB,N,RCB,GL,2016
980999,Bangalore,V Kohli,RCB,KXIP,RCB,KXIP,KXIP,field,RCB,N,RCB,KXIP,2016
981013,Bangalore,AB de Villiers,RCB,GL,GL,RCB,RCB,field,RCB,N,RCB,GL,2016
981019,Bangalore,BCJ Cutting,SRH,RCB,RCB,SRH,SRH,bat,SRH,N,SRH,RCB,2016
1082602,Bangalore,KA Pollard,MI,RCB,RCB,MI,MI,field,MI,N,MI,RCB,2017
1082607,Bangalore,BA Stokes,Pune,RCB,RCB,Pune,RCB,field,Pune,N,RCB,Pune,2017
1082621,Bangalore,AJ Tye,GL,RCB,RCB,GL,GL,field,GL,N,RCB,GL,2017
1082633,Bangalore,Sandeep Sharma,KXIP,RCB,RCB,KXIP,RCB,field,KXIP,N,RCB,KXIP,2017
1082636,Bangalore,SP Narine,KKR,RCB,RCB,KKR,KKR,field,KKR,N,KKR,RCB,2017
1082648,Bangalore,NM Coulter-Nile,KKR,SRH,SRH,KKR,KKR,field,KKR,N,SRH,KKR,2017
1082649,Bangalore,KV Sharma,MI,KKR,MI,KKR,MI,field,MI,N,KKR,MI,2017
1082595,Bengaluru,KM Jadhav,RCB,DC,RCB,DC,RCB,bat,RCB,N,RCB,DD,2017
1136568,Bengaluru,UT Yadav,RCB,KXIP,RCB,KXIP,RCB,field,RCB,N,KXIP,RCB,2018
1136571,Bengaluru,SV Samson,RR,RCB,RCB,RR,RCB,field,RR,N,RR,RCB,2018
1136579,Bengaluru,AB de Villiers,RCB,DC,RCB,DC,RCB,field,RCB,N,RCB,DD,2018
1136584,Bengaluru,MS Dhoni,CSK,RCB,RCB,CSK,CSK,field,CSK,N,CSK,RCB,2018
1136589,Bengaluru,CA Lynn,KKR,RCB,RCB,KKR,KKR,field,KKR,N,KKR,RCB,2018
1136591,Bengaluru,TG Southee,RCB,MI,RCB,MI,MI,field,RCB,N,MI,RCB,2018
1136611,Bengaluru,AB de Villiers,RCB,SRH,RCB,SRH,SRH,field,RCB,N,RCB,SRH,2018
1175362,Bengaluru,JJ Bumrah,MI,RCB,RCB,MI,RCB,field,MI,N,RCB,MI,2019
1175372,Bengaluru,AD Russell,KKR,RCB,RCB,KKR,KKR,field,KKR,N,RCB,KKR,2019
1178395,Bengaluru,K Rabada,DC,RCB,RCB,DC,DC,field,DC,N,RCB,DC,2019
1178414,Bengaluru,PA Patel,RCB,CSK,RCB,CSK,CSK,field,RCB,N,RCB,CSK,2019
1178417,Bengaluru,AB de Villiers,RCB,KXIP,RCB,KXIP,KXIP,field,RCB,N,RCB,KXIP,2019
1178429,Bengaluru,SO Hetmyer,RCB,SRH,RCB,SRH,RCB,field,RCB,N,RCB,SRH,2019
392226,Bloemfontein,B Lee,KXIP,DC,DC,KXIP,KXIP,field,KXIP,N,DD,KXIP,2009
392230,Bloemfontein,AB de Villiers,DD,DC,DC,RR,DC,bat,DC,N,DD,RR,2009
392181,Cape Town,SR Tendulkar,MI,CSK,CSK,MI,CSK,field,MI,N,MI,CSK,2009
392182,Cape Town,R Dravid,RCB,RR,RCB,RR,RCB,bat,RCB,N,RCB,RR,2009
392183,Cape Town,DL Vettori,DD,DC,DC,KXIP,DC,field,DC,N,KXIP,DD,2009
392184,Cape Town,RP Singh,SRH,KKR,SRH,KKR,KKR,bat,SRH,N,KKR,SRH,2009
392188,Cape Town,AC Gilchrist,SRH,RCB,RCB,SRH,SRH,bat,SRH,N,SRH,RCB,2009
392190,Cape Town,YK Pathan,RR,KKR,KKR,RR,KKR,field,RR,Y,KKR,RR,2009
392195,Cape Town,KC Sangakkara,KXIP,RR,KXIP,RR,KXIP,bat,KXIP,N,KXIP,RR,2009
392198,Centurion,YK Pathan,RR,DC,DC,RR,DC,bat,RR,N,RR,DD,2009
392201,Centurion,DP Nannes,DD,SRH,SRH,DC,DC,field,DC,N,SRH,DD,2009
392202,Centurion,SK Raina,CSK,RR,CSK,RR,RR,field,CSK,N,CSK,RR,2009
392212,Centurion,RG Sharma,SRH,MI,SRH,MI,SRH,bat,SRH,N,SRH,MI,2009
392213,Centurion,A Singh,RR,RCB,RCB,RR,RR,field,RR,N,RCB,RR,2009
392214,Centurion,ML Hayden,CSK,KXIP,CSK,KXIP,CSK,bat,CSK,N,CSK,KXIP,2009
392221,Centurion,LRPL Taylor,RCB,KKR,RCB,KKR,RCB,field,RCB,N,RCB,KKR,2009
392222,Centurion,Harbhajan Singh,MI,KXIP,KXIP,MI,KXIP,bat,MI,N,KXIP,MI,2009
392231,Centurion,BJ Hodge,KKR,CSK,CSK,KKR,CSK,bat,KKR,N,KKR,CSK,2009
392235,Centurion,V Sehwag,DD,DC,DC,MI,DC,field,DC,N,DD,MI,2009
392236,Centurion,MK Pandey,RCB,SRH,RCB,SRH,RCB,bat,RCB,N,RCB,SRH,2009
392237,Centurion,AC Gilchrist,SRH,DC,DC,SRH,SRH,field,SRH,N,SRH,DD,2009
335983,Chandigarh,MEK Hussey,CSK,KXIP,KXIP,CSK,CSK,bat,CSK,N,CSK,KXIP,2008
335991,Chandigarh,KC Sangakkara,KXIP,MI,KXIP,MI,MI,field,KXIP,N,KXIP,MI,2008
335995,Chandigarh,SM Katich,KXIP,DC,KXIP,DC,DC,bat,KXIP,N,KXIP,DD,2008
336003,Chandigarh,IK Pathan,KXIP,KKR,KXIP,KKR,KXIP,bat,KXIP,N,KXIP,KKR,2008
336016,Chandigarh,SE Marsh,KXIP,RCB,KXIP,RCB,RCB,bat,KXIP,N,KXIP,RCB,2008
336019,Chandigarh,SE Marsh,KXIP,RR,KXIP,RR,RR,field,KXIP,N,KXIP,RR,2008
336031,Chandigarh,SE Marsh,KXIP,SRH,KXIP,SRH,KXIP,field,KXIP,N,KXIP,SRH,2008
419108,Chandigarh,G Gambhir,DD,KXIP,KXIP,DC,DC,field,DC,N,DD,KXIP,2010
419124,Chandigarh,AC Voges,RR,KXIP,KXIP,RR,KXIP,field,RR,N,KXIP,RR,2010
419127,Chandigarh,MK Tiwary,KKR,KXIP,KXIP,KKR,KKR,bat,KKR,N,KKR,KXIP,2010
419136,Chandigarh,KP Pietersen,RCB,KXIP,KXIP,RCB,KXIP,bat,RCB,N,RCB,KXIP,2010
419146,Chandigarh,KC Sangakkara,KXIP,MI,KXIP,MI,MI,bat,KXIP,N,KXIP,MI,2010
501206,Chandigarh,PC Valthaty,KXIP,CSK,KXIP,CSK,KXIP,field,KXIP,N,KXIP,CSK,2011
501220,Chandigarh,SE Marsh,KXIP,RR,KXIP,RR,RR,field,KXIP,N,KXIP,RR,2011
501248,Chandigarh,R Sharma,Pune,KXIP,KXIP,Pune,KXIP,bat,Pune,N,KXIP,Pune,2011
501251,Chandigarh,BA Bhatt,KXIP,MI,KXIP,MI,MI,field,KXIP,N,MI,KXIP,2011
548319,Chandigarh,AD Mascarenhas,KXIP,Pune,KXIP,Pune,KXIP,field,KXIP,N,Pune,KXIP,2012
548328,Chandigarh,G Gambhir,KKR,KXIP,KXIP,KKR,KXIP,bat,KKR,N,KKR,KXIP,2012
548331,Chandigarh,CH Gayle,RCB,KXIP,KXIP,RCB,RCB,field,RCB,N,RCB,KXIP,2012
548339,Chandigarh,AT Rayudu,MI,KXIP,KXIP,MI,KXIP,bat,MI,N,MI,KXIP,2012
548354,Chandigarh,SR Watson,RR,KXIP,KXIP,RR,RR,bat,RR,N,RR,KXIP,2012
548366,Chandigarh,DJ Hussey,KXIP,SRH,KXIP,SRH,SRH,bat,KXIP,N,SRH,KXIP,2012
598007,Chandigarh,MEK Hussey,CSK,KXIP,KXIP,CSK,CSK,field,CSK,N,CSK,KXIP,2013
598016,Chandigarh,MS Gony,KXIP,KKR,KXIP,KKR,KKR,field,KXIP,N,KKR,KXIP,2013
598025,Chandigarh,DA Miller,KXIP,Pune,KXIP,Pune,KXIP,field,KXIP,N,KXIP,Pune,2013
598052,Chandigarh,KK Cooper,RR,KXIP,KXIP,RR,RR,field,RR,N,KXIP,RR,2013
598056,Chandigarh,PA Patel,SRH,KXIP,KXIP,SRH,KXIP,field,SRH,N,SRH,KXIP,2013
598064,Chandigarh,DA Miller,KXIP,RCB,KXIP,RCB,KXIP,field,KXIP,N,KXIP,RCB,2013
734025,Chandigarh,LMP Simmons,MI,KXIP,KXIP,MI,MI,field,MI,N,MI,KXIP,2014
734033,Chandigarh,SE Marsh,KXIP,RR,KXIP,RR,RR,field,KXIP,N,KXIP,RR,2014
734039,Chandigarh,M Vohra,KXIP,DC,KXIP,DC,KXIP,field,KXIP,N,KXIP,DD,2014
829759,Chandigarh,TA Boult,SRH,KXIP,KXIP,SRH,KXIP,field,SRH,N,KXIP,SRH,2015
829775,Chandigarh,LMP Simmons,MI,KXIP,KXIP,MI,MI,bat,MI,N,MI,KXIP,2015
829803,Chandigarh,AR Patel,KXIP,RCB,KXIP,RCB,RCB,field,KXIP,N,RCB,KXIP,2015
829809,Chandigarh,P Negi,CSK,KXIP,KXIP,CSK,KXIP,bat,CSK,N,KXIP,CSK,2015
980905,Chandigarh,AJ Finch,GL,KXIP,KXIP,GL,GL,field,GL,N,GL,KXIP,2016
980919,Chandigarh,M Vohra,KXIP,Pune,KXIP,Pune,Pune,bat,KXIP,N,KXIP,Pune,2016
980925,Chandigarh,RV Uthappa,KKR,KXIP,KXIP,KKR,KKR,field,KKR,N,KKR,KXIP,2016
980941,Chandigarh,PA Patel,MI,KXIP,KXIP,MI,KXIP,field,MI,N,MI,KXIP,2016
980971,Chandigarh,MP Stoinis,KXIP,DC,KXIP,DC,DC,field,KXIP,N,KXIP,DD,2016
980977,Chandigarh,SR Watson,RCB,KXIP,KXIP,RCB,KXIP,field,RCB,N,RCB,KXIP,2016
980991,Chandigarh,HM Amla,KXIP,SRH,KXIP,SRH,KXIP,bat,SRH,N,KXIP,SRH,2016
1082623,Chandigarh,Rashid Khan,SRH,KXIP,KXIP,SRH,KXIP,field,SRH,N,KXIP,SRH,2017
1082626,Chandigarh,Sandeep Sharma,KXIP,DC,KXIP,DC,KXIP,field,KXIP,N,DD,KXIP,2017
1082637,Chandigarh,DR Smith,GL,KXIP,KXIP,GL,GL,field,GL,N,GL,KXIP,2017
1082639,Chandigarh,MM Sharma,KXIP,KKR,KXIP,KKR,KKR,field,KXIP,N,KKR,KXIP,2017
1136562,Chandigarh,KL Rahul,KXIP,DC,KXIP,DC,KXIP,field,KXIP,N,KXIP,DD,2018
1136572,Chandigarh,CH Gayle,KXIP,CSK,KXIP,CSK,CSK,field,KXIP,N,KXIP,CSK,2018
1136576,Chandigarh,CH Gayle,KXIP,SRH,KXIP,SRH,KXIP,bat,KXIP,N,KXIP,SRH,2018
1175364,Chandigarh,MA Agarwal,KXIP,MI,KXIP,MI,KXIP,field,KXIP,N,KXIP,MI,2019
1175368,Chandigarh,SM Curran,KXIP,DC,KXIP,DC,DC,field,KXIP,N,DC,KXIP,2019
1178397,Chandigarh,KL Rahul,KXIP,SRH,KXIP,SRH,KXIP,field,KXIP,N,KXIP,SRH,2019
1178403,Chandigarh,AB de Villiers,RCB,KXIP,KXIP,RCB,RCB,field,RCB,N,RCB,KXIP,2019
1178407,Chandigarh,R Ashwin,KXIP,RR,KXIP,RR,RR,field,KXIP,N,KXIP,RR,2019
1178427,Chandigarh,Shubman Gill,KKR,KXIP,KXIP,KKR,KKR,field,KKR,N,KKR,KXIP,2019
1178430,Chandigarh,KL Rahul,KXIP,CSK,KXIP,CSK,KXIP,field,KXIP,N,KXIP,CSK,2019
335989,Chennai,ML Hayden,CSK,MI,CSK,MI,MI,field,CSK,N,CSK,MI,2008
335993,Chennai,JDP Oram,CSK,KKR,CSK,KKR,KKR,bat,CSK,N,KKR,CSK,2008
336001,Chennai,V Sehwag,DD,CSK,CSK,DC,CSK,bat,DC,N,DD,CSK,2008
336007,Chennai,AC Gilchrist,SRH,CSK,CSK,SRH,SRH,field,SRH,N,SRH,CSK,2008
336013,Chennai,L Balaji,CSK,KXIP,CSK,KXIP,KXIP,field,CSK,N,KXIP,CSK,2008
336029,Chennai,A Kumble,RCB,CSK,CSK,RCB,RCB,bat,RCB,N,CSK,RCB,2008
336033,Chennai,JA Morkel,CSK,RR,CSK,RR,RR,bat,RR,N,RR,CSK,2008
419110,Chennai,WPUJC Vaas,SRH,CSK,CSK,SRH,SRH,bat,SRH,N,CSK,SRH,2010
419121,Chennai,J Theron,KXIP,CSK,CSK,KXIP,CSK,field,KXIP,Y,CSK,KXIP,2010
419133,Chennai,M Vijay,CSK,RCB,CSK,RCB,RCB,bat,CSK,N,CSK,RCB,2010
419137,Chennai,M Vijay,CSK,RR,CSK,RR,CSK,bat,CSK,N,CSK,RR,2010
419142,Chennai,SK Raina,CSK,MI,CSK,MI,CSK,bat,CSK,N,MI,CSK,2010
419153,Chennai,R Ashwin,CSK,KKR,CSK,KKR,KKR,bat,CSK,N,KKR,CSK,2010
419155,Chennai,G Gambhir,DD,CSK,CSK,DC,CSK,bat,DC,N,DD,CSK,2010
501198,Chennai,S Anirudha,CSK,KKR,CSK,KKR,CSK,bat,CSK,N,CSK,KKR,2011
501211,Chennai,MEK Hussey,CSK,RCB,CSK,RCB,CSK,bat,CSK,N,CSK,RCB,2011
501226,Chennai,MEK Hussey,CSK,Pune,CSK,Pune,Pune,field,CSK,N,CSK,Pune,2011
501236,Chennai,JA Morkel,CSK,SRH,CSK,SRH,CSK,bat,CSK,N,SRH,CSK,2011
501240,Chennai,MEK Hussey,CSK,RR,CSK,RR,RR,bat,CSK,N,CSK,RR,2011
501253,Chennai,MS Dhoni,CSK,DC,CSK,DC,CSK,bat,CSK,N,CSK,DD,2011
501261,Chennai,WP Saha,CSK,KTK,CSK,KTK,CSK,bat,CSK,N,CSK,KTK,2011
501270,Chennai,CH Gayle,RCB,MI,RCB,MI,MI,field,RCB,N,MI,RCB,2011
501271,Chennai,M Vijay,CSK,RCB,CSK,RCB,CSK,bat,CSK,N,CSK,RCB,2011
548306,Chennai,RE Levi,MI,CSK,CSK,MI,MI,field,MI,N,MI,CSK,2012
548318,Chennai,F du Plessis,CSK,RCB,CSK,RCB,RCB,bat,CSK,N,CSK,RCB,2012
548330,Chennai,KMDN Kulasekara,CSK,Pune,CSK,Pune,Pune,field,CSK,N,Pune,CSK,2012
548332,Chennai,F du Plessis,CSK,RR,CSK,RR,RR,bat,CSK,N,CSK,RR,2012
548343,Chennai,Mandeep Singh,KXIP,CSK,CSK,KXIP,KXIP,bat,KXIP,N,KXIP,CSK,2012
548347,Chennai,G Gambhir,KKR,CSK,CSK,KKR,CSK,bat,KKR,N,KKR,CSK,2012
548352,Chennai,SK Raina,CSK,SRH,CSK,SRH,CSK,bat,CSK,N,CSK,SRH,2012
548364,Chennai,BW Hilfenhaus,CSK,DC,CSK,DC,CSK,field,CSK,N,DD,CSK,2012
548380,Chennai,M Vijay,CSK,DC,DC,CSK,DC,field,CSK,N,CSK,DD,2012
548381,Chennai,MS Bisla,KKR,CSK,KKR,CSK,CSK,bat,KKR,N,KKR,CSK,2012
598002,Chennai,KA Pollard,MI,CSK,CSK,MI,MI,bat,MI,N,MI,CSK,2013
598012,Chennai,RA Jadeja,CSK,RCB,CSK,RCB,CSK,field,CSK,N,RCB,CSK,2013
598015,Chennai,SPD Smith,Pune,CSK,CSK,Pune,Pune,bat,Pune,N,Pune,CSK,2013
598026,Chennai,MEK Hussey,CSK,RR,CSK,RR,RR,bat,CSK,N,CSK,RR,2013
598030,Chennai,MS Dhoni,CSK,SRH,CSK,SRH,SRH,bat,CSK,N,CSK,SRH,2013
598034,Chennai,MEK Hussey,CSK,KKR,CSK,KKR,KKR,field,CSK,N,CSK,KKR,2013
598041,Chennai,SK Raina,CSK,KXIP,CSK,KXIP,CSK,bat,CSK,N,CSK,KXIP,2013
598062,Chennai,MS Dhoni,CSK,DC,CSK,DC,CSK,bat,CSK,N,CSK,DD,2013
829707,Chennai,A Nehra,CSK,DC,CSK,DC,DC,field,CSK,N,DD,CSK,2015
829711,Chennai,BB McCullum,CSK,SRH,CSK,SRH,CSK,bat,CSK,N,CSK,SRH,2015
829753,Chennai,BB McCullum,CSK,KXIP,CSK,KXIP,CSK,bat,CSK,N,CSK,KXIP,2015
829765,Chennai,DJ Bravo,CSK,KKR,CSK,KKR,KKR,field,CSK,N,KKR,CSK,2015
829779,Chennai,SK Raina,CSK,RCB,CSK,RCB,CSK,bat,CSK,N,CSK,RCB,2015
829789,Chennai,HH Pandya,MI,CSK,CSK,MI,CSK,bat,MI,N,CSK,MI,2015
829797,Chennai,RA Jadeja,CSK,RR,CSK,RR,CSK,bat,CSK,N,RR,CSK,2015
1136565,Chennai,SW Billings,CSK,KKR,CSK,KKR,CSK,field,CSK,N,CSK,KKR,2018
1175356,Chennai,Harbhajan Singh,CSK,RCB,CSK,RCB,CSK,field,CSK,N,RCB,CSK,2019
1175367,Chennai,MS Dhoni,CSK,RR,CSK,RR,RR,field,CSK,N,CSK,RR,2019
1178393,Chennai,Harbhajan Singh,CSK,KXIP,CSK,KXIP,CSK,bat,CSK,N,KXIP,CSK,2019
1178398,Chennai,DL Chahar,CSK,KKR,CSK,KKR,CSK,field,CSK,N,KKR,CSK,2019
1178416,Chennai,SR Watson,CSK,SRH,CSK,SRH,CSK,field,CSK,N,CSK,SRH,2019
1178419,Chennai,RG Sharma,MI,CSK,CSK,MI,CSK,field,MI,N,MI,CSK,2019
1178425,Chennai,MS Dhoni,CSK,DC,CSK,DC,DC,field,CSK,N,CSK,DC,2019
1181764,Chennai,SA Yadav,MI,CSK,MI,CSK,CSK,bat,MI,N,MI,CSK,2019
419117,Cuttack,A Symonds,SRH,KXIP,SRH,KXIP,KXIP,field,SRH,N,KXIP,SRH,2010
419120,Cuttack,A Symonds,SRH,DC,SRH,DC,SRH,bat,SRH,N,SRH,DD,2010
548335,Cuttack,B Lee,KKR,SRH,SRH,KKR,KKR,field,KKR,N,SRH,KKR,2012
548348,Cuttack,KC Sangakkara,SRH,Pune,SRH,Pune,SRH,bat,SRH,N,SRH,Pune,2012
733987,Cuttack,GJ Maxwell,KXIP,CSK,KXIP,CSK,CSK,field,KXIP,N,KXIP,CSK,2014
733997,Cuttack,G Gambhir,KKR,KXIP,KXIP,KKR,KKR,field,KKR,N,KKR,KXIP,2014
734009,Cuttack,RV Uthappa,KKR,MI,KKR,MI,KKR,field,KKR,N,KKR,MI,2014
335984,Delhi,MF Maharoof,DD,DC,DC,RR,RR,bat,DC,N,RR,DD,2008
335998,Delhi,GD McGrath,DD,DC,DC,RCB,RCB,field,DC,N,RCB,DD,2008
336009,Delhi,MS Dhoni,CSK,DC,DC,CSK,CSK,field,CSK,N,CSK,DD,2008
336020,Delhi,A Mishra,DD,DC,DC,SRH,SRH,field,DC,N,SRH,DD,2008
336022,Delhi,DPMD Jayawardene,KXIP,DC,DC,KXIP,DC,bat,KXIP,N,KXIP,DD,2008
336032,Delhi,KD Karthik,DD,DC,DC,MI,DC,field,DC,N,DD,MI,2008
419114,Delhi,SR Tendulkar,MI,DC,DC,MI,DC,field,MI,N,MI,DD,2010
419116,Delhi,ML Hayden,CSK,DC,DC,CSK,DC,bat,CSK,N,CSK,DD,2010
419131,Delhi,DA Warner,DD,DC,DC,KKR,DC,bat,DC,N,DD,KKR,2010
419134,Delhi,KD Karthik,DD,DC,DC,RR,DC,bat,DC,N,DD,RR,2010
419140,Delhi,PD Collingwood,DD,DC,DC,RCB,DC,bat,DC,N,DD,RCB,2010
419149,Delhi,PP Chawla,KXIP,DC,DC,KXIP,DC,bat,KXIP,N,DD,KXIP,2010
419160,Delhi,A Symonds,SRH,DC,DC,SRH,SRH,bat,SRH,N,SRH,DD,2010
501201,Delhi,SL Malinga,MI,DC,DC,MI,DC,bat,MI,N,DD,MI,2011
501216,Delhi,S Sohal,SRH,DC,DC,SRH,SRH,bat,SRH,N,SRH,DD,2011
501223,Delhi,DA Warner,DD,DC,DC,KXIP,KXIP,field,DC,N,DD,KXIP,2011
501227,Delhi,V Kohli,RCB,DC,DC,RCB,RCB,field,RCB,N,RCB,DD,2011
501230,Delhi,MK Tiwary,KKR,DC,DC,KKR,DC,field,KKR,N,KKR,DD,2011
501238,Delhi,P Parameswaran,KTK,DC,DC,KTK,KTK,field,KTK,N,DD,KTK,2011
548316,Delhi,M Morkel,DD,DC,DC,CSK,DC,field,DC,N,CSK,DD,2012
548321,Delhi,KP Pietersen,DD,DC,DC,SRH,SRH,bat,DC,N,DD,SRH,2012
548333,Delhi,SC Ganguly,Pune,DC,DC,Pune,DC,field,Pune,N,Pune,DD,2012
548342,Delhi,V Sehwag,DD,DC,DC,MI,MI,field,DC,N,DD,MI,2012
548345,Delhi,V Sehwag,DD,DC,DC,RR,DC,bat,DC,N,DD,RR,2012
548357,Delhi,JH Kallis,KKR,DC,DC,KKR,DC,bat,KKR,N,DD,KKR,2012
548369,Delhi,UT Yadav,DD,DC,DC,KXIP,KXIP,bat,DC,N,KXIP,DD,2012
548372,Delhi,CH Gayle,RCB,DC,DC,RCB,DC,field,RCB,N,RCB,DD,2012
598001,Delhi,R Dravid,RR,DC,DC,RR,RR,bat,RR,N,RR,DD,2013
598010,Delhi,A Mishra,SRH,DC,DC,SRH,DC,bat,SRH,N,SRH,DD,2013
598020,Delhi,MEK Hussey,CSK,DC,DC,CSK,CSK,bat,CSK,N,CSK,DD,2013
598024,Delhi,V Sehwag,DD,DC,DC,MI,MI,bat,DC,N,DD,MI,2013
598054,Delhi,JD Unadkat,RCB,DC,DC,RCB,DC,field,RCB,N,DD,RCB,2013
598059,Delhi,Harmeet Singh,KXIP,DC,DC,KXIP,KXIP,field,KXIP,N,DD,KXIP,2013
598070,Delhi,MEK Hussey,CSK,MI,CSK,MI,CSK,bat,CSK,N,CSK,MI,2013
598071,Delhi,BJ Hodge,RR,SRH,RR,SRH,SRH,bat,RR,N,RR,SRH,2013
733975,Delhi,KK Nair,RR,DC,DC,RR,RR,field,RR,N,RR,DD,2014
733981,Delhi,DR Smith,CSK,DC,DC,CSK,CSK,field,CSK,N,CSK,DD,2014
733985,Delhi,G Gambhir,KKR,DC,DC,KKR,DC,bat,KKR,N,KKR,DD,2014
733993,Delhi,DW Steyn,SRH,DC,DC,SRH,SRH,field,SRH,N,DD,SRH,2014
734019,Delhi,AR Patel,KXIP,DC,DC,KXIP,KXIP,field,KXIP,N,DD,KXIP,2014
829715,Delhi,DJ Hooda,RR,DC,DC,RR,RR,field,RR,N,DD,RR,2015
829739,Delhi,UT Yadav,KKR,DC,DC,KKR,KKR,field,KKR,N,DD,KKR,2015
829747,Delhi,SS Iyer,DD,DC,DC,MI,MI,field,DC,N,DD,MI,2015
829757,Delhi,VR Aaron,RCB,DC,DC,RCB,RCB,field,RCB,N,DD,RCB,2015
829767,Delhi,NM Coulter-Nile,DD,DC,DC,KXIP,DC,field,DC,N,KXIP,DD,2015
980913,Delhi,A Mishra,DD,DC,DC,KXIP,DC,field,DC,N,KXIP,DD,2016
980933,Delhi,SV Samson,DD,DC,DC,MI,MI,field,DC,N,DD,MI,2016
980945,Delhi,CH Morris,DD,DC,DC,GL,DC,field,GL,N,GL,DD,2016
980951,Delhi,CR Brathwaite,DD,DC,DC,KKR,KKR,field,DC,N,DD,KKR,2016
980965,Delhi,AM Rahane,Pune,DC,DC,Pune,Pune,field,Pune,N,Pune,DD,2016
981015,Delhi,MC Henriques,SRH,KKR,SRH,KKR,KKR,field,SRH,N,KKR,SRH,2016
981017,Delhi,DA Warner,SRH,GL,GL,SRH,SRH,field,SRH,N,SRH,GL,2016
1082605,Delhi,CJ Anderson,DD,DC,DC,KXIP,DC,bat,DC,N,DD,KXIP,2017
1082608,Delhi,NM Coulter-Nile,KKR,DC,DC,KKR,DC,bat,KKR,N,DD,KKR,2017
1082630,Delhi,Mohammed Shami,DD,DC,DC,SRH,DC,field,DC,N,SRH,DD,2017
1082632,Delhi,RR Pant,DD,DC,DC,GL,DC,field,DC,N,DD,GL,2017
1082635,Delhi,LMP Simmons,MI,DC,DC,MI,DC,field,MI,N,MI,DD,2017
1082642,Delhi,KK Nair,DD,DC,DC,Pune,DC,bat,DC,N,DD,Pune,2017
1082646,Delhi,HV Patel,RCB,DC,DC,RCB,RCB,bat,RCB,N,DD,RCB,2017
1136582,Delhi,AS Rajpoot,KXIP,DC,DC,KXIP,DC,field,KXIP,N,DD,KXIP,2018
1136586,Delhi,SS Iyer,DD,DC,DC,KKR,KKR,field,DC,N,DD,KKR,2018
1136592,Delhi,RR Pant,DD,DC,DC,RR,RR,field,DC,N,DD,RR,2018
1136602,Delhi,S Dhawan,SRH,DC,DC,SRH,DC,bat,SRH,N,SRH,DD,2018
1136605,Delhi,AB de Villiers,RCB,DC,DC,RCB,RCB,field,RCB,N,RCB,DD,2018
1136612,Delhi,HV Patel,DD,DC,DC,CSK,CSK,field,DC,N,DD,CSK,2018
1136615,Delhi,A Mishra,DD,DC,DC,MI,DC,bat,DC,N,MI,DD,2018
1175360,Delhi,SR Watson,CSK,DC,DC,CSK,DC,bat,CSK,N,CSK,DC,2019
1175365,Delhi,PP Shaw,DC,KKR,DC,KKR,DC,field,DC,Y,DC,KKR,2019
1175371,Delhi,JM Bairstow,SRH,DC,DC,SRH,SRH,field,SRH,N,SRH,DC,2019
1178409,Delhi,HH Pandya,MI,DC,DC,MI,MI,bat,MI,N,MI,DC,2019
1178412,Delhi,SS Iyer,DC,KXIP,DC,KXIP,DC,field,DC,N,DC,KXIP,2019
1178421,Delhi,S Dhawan,DC,RCB,DC,RCB,DC,bat,DC,N,DC,RCB,2019
1178428,Delhi,A Mishra,DC,RR,DC,RR,RR,bat,DC,N,RR,DC,2019
419156,Dharamsala,RG Sharma,SRH,KXIP,KXIP,SRH,SRH,field,SRH,N,SRH,KXIP,2010
419159,Dharamsala,MS Dhoni,CSK,KXIP,KXIP,CSK,CSK,field,CSK,N,CSK,KXIP,2010
501257,Dharamsala,PP Chawla,KXIP,DC,KXIP,DC,DC,field,KXIP,N,KXIP,DD,2011
501260,Dharamsala,AC Gilchrist,KXIP,RCB,KXIP,RCB,KXIP,bat,KXIP,N,KXIP,RCB,2011
501264,Dharamsala,S Dhawan,SRH,KXIP,KXIP,SRH,KXIP,field,SRH,N,SRH,KXIP,2011
548371,Dharamsala,AC Gilchrist,KXIP,CSK,KXIP,CSK,KXIP,field,KXIP,N,KXIP,CSK,2012
548374,Dharamsala,UT Yadav,DD,KXIP,KXIP,DC,DC,field,DC,N,KXIP,DD,2012
598028,Dharamsala,DA Miller,KXIP,DC,KXIP,DC,DC,field,KXIP,N,KXIP,DD,2013
598066,Dharamsala,Azhar Mahmood,KXIP,MI,KXIP,MI,MI,field,KXIP,N,MI,KXIP,2013
1216493,Dubai,MP Stoinis,DC,KXIP,DC,KXIP,KXIP,field,DC,Y,DC,KXIP,2020
1216498,Dubai,CJ Jordan,KXIP,SRH,KXIP,SRH,SRH,field,KXIP,N,SRH,KXIP,2020
1216504,Dubai,Shivam Mavi,KKR,RR,KKR,RR,RR,field,KKR,N,RR,KKR,2020
1216507,Dubai,R Tewatia,RR,SRH,SRH,RR,SRH,bat,RR,N,RR,SRH,2020
1216510,Dubai,KL Rahul,KXIP,RCB,KXIP,RCB,RCB,field,KXIP,N,KXIP,RCB,2020
1216513,Dubai,SR Watson,CSK,KXIP,KXIP,CSK,KXIP,bat,CSK,N,CSK,KXIP,2020
1216516,Dubai,PK Garg,SRH,CSK,SRH,CSK,SRH,bat,SRH,N,SRH,CSK,2020
1216517,Dubai,KL Rahul,KXIP,MI,MI,KXIP,MI,bat,KXIP,Y,KXIP,MI,2020
1216518,Dubai,MK Pandey,SRH,RR,RR,SRH,SRH,field,SRH,N,SRH,RR,2020
1216519,Dubai,AR Patel,DC,RCB,DC,RCB,RCB,field,DC,N,RCB,DC,2020
1216522,Dubai,AB de Villiers,RCB,RR,RR,RCB,RR,bat,RCB,N,RCB,RR,2020
1216524,Dubai,WP Saha,SRH,DC,SRH,DC,DC,field,SRH,N,SRH,DC,2020
1216525,Dubai,V Kohli,RCB,CSK,RCB,CSK,RCB,bat,RCB,N,RCB,CSK,2020
1216528,Dubai,RA Jadeja,CSK,SRH,CSK,SRH,CSK,bat,CSK,N,SRH,CSK,2020
1216530,Dubai,PJ Cummins,KKR,RR,KKR,RR,RR,field,KKR,N,KKR,RR,2020
1216534,Dubai,YS Chahal,RCB,SRH,RCB,SRH,SRH,field,RCB,N,SRH,RCB,2020
1216535,Dubai,Ishan Kishan,MI,DC,DC,MI,MI,field,MI,N,MI,DC,2020
1216536,Dubai,RD Gaikwad,CSK,KKR,KKR,CSK,CSK,field,CSK,N,CSK,KKR,2020
1216539,Dubai,PP Shaw,DC,CSK,DC,CSK,CSK,field,DC,N,DC,CSK,2020
1216542,Dubai,JM Bairstow,SRH,KXIP,SRH,KXIP,SRH,bat,SRH,N,SRH,KXIP,2020
1216543,Dubai,A Nortje,DC,RR,DC,RR,DC,bat,DC,N,RR,DC,2020
1216544,Dubai,RD Gaikwad,CSK,RCB,RCB,CSK,RCB,bat,CSK,N,CSK,RCB,2020
1216546,Dubai,S Dhawan,DC,KXIP,DC,KXIP,DC,bat,KXIP,N,DC,KXIP,2020
1216547,Dubai,AB de Villiers,RCB,MI,RCB,MI,MI,field,RCB,Y,RCB,MI,2020
1237177,Dubai,JJ Bumrah,MI,DC,MI,DC,DC,field,MI,N,DC,MI,2020
1237181,Dubai,TA Boult,MI,DC,DC,MI,DC,bat,MI,N,DC,MI,2020
392186,Durban,CH Gayle,KKR,KXIP,KXIP,KKR,KKR,field,KKR,N,KXIP,KKR,2009
392189,Durban,AB de Villiers,DD,CSK,CSK,DC,DC,bat,DC,N,DD,CSK,2009
392191,Durban,RS Bopara,KXIP,RCB,RCB,KXIP,RCB,bat,KXIP,N,KXIP,RCB,2009
392192,Durban,PP Ojha,SRH,MI,SRH,MI,SRH,bat,SRH,N,SRH,MI,2009
392196,Durban,HH Gibbs,SRH,CSK,CSK,SRH,SRH,field,SRH,N,SRH,CSK,2009
392199,Durban,MV Boucher,RCB,KKR,RCB,KKR,KKR,bat,RCB,N,RCB,KKR,2009
392200,Durban,KC Sangakkara,KXIP,MI,KXIP,MI,KXIP,bat,KXIP,N,KXIP,MI,2009
392204,Durban,Yuvraj Singh,KXIP,RCB,RCB,KXIP,RCB,bat,RCB,N,KXIP,RCB,2009
392210,Durban,GC Smith,RR,KXIP,KXIP,RR,KXIP,field,RR,N,RR,KXIP,2009
392211,Durban,G Gambhir,DD,DC,DC,KKR,KKR,bat,DC,N,DD,KKR,2009
392223,Durban,R Bhatia,DD,SRH,SRH,DC,SRH,field,DC,N,DD,SRH,2009
392224,Durban,LRPL Taylor,RCB,CSK,RCB,CSK,CSK,bat,RCB,N,RCB,CSK,2009
392225,Durban,SK Warne,RR,MI,MI,RR,RR,bat,RR,N,MI,RR,2009
392233,Durban,LR Shukla,KKR,RR,KKR,RR,KKR,field,KKR,N,RR,KKR,2009
392234,Durban,M Muralitharan,CSK,KXIP,CSK,KXIP,CSK,bat,CSK,N,KXIP,CSK,2009
392203,East London,JP Duminy,MI,KKR,KKR,MI,MI,bat,MI,N,MI,KKR,2009
392209,East London,MS Dhoni,CSK,SRH,CSK,SRH,CSK,bat,CSK,N,CSK,SRH,2009
392215,East London,A Nehra,DD,DC,DC,MI,MI,bat,DC,N,MI,DD,2009
335988,Hyderabad,V Sehwag,DD,SRH,SRH,DC,SRH,bat,DC,N,DD,SRH,2008
335990,Hyderabad,YK Pathan,RR,SRH,SRH,RR,RR,field,RR,N,SRH,RR,2008
335999,Hyderabad,SE Marsh,KXIP,SRH,SRH,KXIP,KXIP,field,KXIP,N,KXIP,SRH,2008
336002,Hyderabad,R Vinay Kumar,RCB,SRH,SRH,RCB,SRH,bat,RCB,N,SRH,RCB,2008
336014,Hyderabad,SC Ganguly,KKR,SRH,SRH,KKR,KKR,bat,KKR,N,KKR,SRH,2008
336024,Hyderabad,DJ Bravo,MI,SRH,SRH,MI,SRH,field,MI,N,SRH,MI,2008
336037,Hyderabad,SK Raina,CSK,SRH,SRH,CSK,SRH,bat,CSK,N,CSK,SRH,2008
501199,Hyderabad,SK Trivedi,RR,SRH,SRH,RR,RR,field,RR,N,SRH,RR,2011
501208,Hyderabad,DW Steyn,SRH,RCB,SRH,RCB,RCB,field,SRH,N,RCB,SRH,2011
501212,Hyderabad,PC Valthaty,KXIP,SRH,SRH,KXIP,KXIP,field,KXIP,N,KXIP,SRH,2011
501224,Hyderabad,SL Malinga,MI,SRH,SRH,MI,SRH,field,MI,N,SRH,MI,2011
501239,Hyderabad,YK Pathan,KKR,SRH,SRH,KKR,SRH,field,KKR,N,KKR,SRH,2011
501243,Hyderabad,V Sehwag,DD,SRH,SRH,DC,DC,field,DC,N,DD,SRH,2011
501250,Hyderabad,MR Marsh,Pune,SRH,SRH,Pune,SRH,bat,Pune,N,SRH,Pune,2011
548329,Hyderabad,DA Warner,DD,SRH,SRH,DC,SRH,bat,DC,N,DD,SRH,2012
548359,Hyderabad,Mandeep Singh,KXIP,SRH,SRH,KXIP,SRH,field,KXIP,N,KXIP,SRH,2012
548373,Hyderabad,DW Steyn,SRH,RR,SRH,RR,RR,bat,SRH,N,RR,SRH,2012
548376,Hyderabad,DW Steyn,SRH,RCB,SRH,RCB,RCB,field,SRH,N,RCB,SRH,2012
598000,Hyderabad,A Mishra,SRH,Pune,SRH,Pune,Pune,field,SRH,N,Pune,SRH,2013
598004,Hyderabad,GH Vihari,SRH,RCB,SRH,RCB,RCB,bat,SRH,Y,SRH,RCB,2013
598021,Hyderabad,GH Vihari,SRH,KXIP,SRH,KXIP,KXIP,bat,SRH,N,KXIP,SRH,2013
598039,Hyderabad,I Sharma,SRH,MI,SRH,MI,MI,bat,SRH,N,MI,SRH,2013
598044,Hyderabad,DJG Sammy,SRH,DC,SRH,DC,DC,bat,SRH,N,DD,SRH,2013
598051,Hyderabad,SK Raina,CSK,SRH,SRH,CSK,SRH,field,CSK,N,SRH,CSK,2013
598065,Hyderabad,A Mishra,SRH,RR,SRH,RR,SRH,bat,SRH,N,SRH,RR,2013
598069,Hyderabad,PA Patel,SRH,KKR,SRH,KKR,KKR,bat,SRH,N,SRH,KKR,2013
734001,Hyderabad,AT Rayudu,MI,SRH,SRH,MI,SRH,bat,MI,N,MI,SRH,2014
734007,Hyderabad,WP Saha,KXIP,SRH,SRH,KXIP,KXIP,field,KXIP,N,KXIP,SRH,2014
734015,Hyderabad,UT Yadav,KKR,SRH,SRH,KKR,SRH,bat,KKR,N,SRH,KKR,2014
734021,Hyderabad,DA Warner,SRH,RCB,SRH,RCB,RCB,bat,SRH,N,SRH,RCB,2014
829773,Hyderabad,DA Warner,SRH,CSK,SRH,CSK,CSK,field,SRH,N,SRH,CSK,2015
829799,Hyderabad,DA Warner,SRH,KXIP,SRH,KXIP,SRH,bat,SRH,N,SRH,KXIP,2015
829807,Hyderabad,V Kohli,RCB,SRH,SRH,RCB,SRH,bat,RCB,N,RCB,SRH,2015
829815,Hyderabad,MJ McClenaghan,MI,SRH,SRH,MI,SRH,bat,MI,N,SRH,MI,2015
980915,Hyderabad,G Gambhir,KKR,SRH,SRH,KKR,SRH,bat,KKR,N,KKR,SRH,2016
980923,Hyderabad,DA Warner,SRH,MI,SRH,MI,SRH,field,SRH,N,SRH,MI,2016
980935,Hyderabad,Mustafizur Rahman,SRH,KXIP,SRH,KXIP,SRH,field,SRH,N,KXIP,SRH,2016
980943,Hyderabad,AB Dinda,Pune,SRH,SRH,Pune,Pune,field,Pune,N,SRH,Pune,2016
980953,Hyderabad,DA Warner,SRH,RCB,SRH,RCB,RCB,field,SRH,N,SRH,RCB,2016
980967,Hyderabad,B Kumar,SRH,GL,SRH,GL,SRH,field,SRH,N,GL,SRH,2016
980983,Hyderabad,CH Morris,DD,SRH,SRH,DC,DC,field,DC,N,SRH,DD,2016
1082591,Hyderabad,Yuvraj Singh,SRH,RCB,SRH,RCB,RCB,field,SRH,N,SRH,RCB,2017
1082596,Hyderabad,Rashid Khan,SRH,GL,SRH,GL,SRH,field,SRH,N,GL,SRH,2017
1082609,Hyderabad,B Kumar,SRH,KXIP,SRH,KXIP,KXIP,field,SRH,N,KXIP,SRH,2017
1082611,Hyderabad,KS Williamson,SRH,DC,SRH,DC,SRH,bat,SRH,N,SRH,DD,2017
1082627,Hyderabad,DA Warner,SRH,KKR,SRH,KKR,KKR,field,SRH,N,SRH,KKR,2017
1082634,Hyderabad,JD Unadkat,Pune,SRH,SRH,Pune,SRH,field,Pune,N,SRH,Pune,2017
1082638,Hyderabad,S Dhawan,SRH,MI,SRH,MI,MI,bat,SRH,N,SRH,MI,2017
1082650,Hyderabad,KH Pandya,MI,Pune,MI,Pune,MI,bat,MI,N,Pune,MI,2017
1136564,Hyderabad,S Dhawan,SRH,RR,SRH,RR,SRH,field,SRH,N,SRH,RR,2018
1136567,Hyderabad,Rashid Khan,SRH,MI,SRH,MI,SRH,field,SRH,N,MI,SRH,2018
1136580,Hyderabad,AT Rayudu,CSK,SRH,SRH,CSK,SRH,field,CSK,N,CSK,SRH,2018
1136585,Hyderabad,AS Rajpoot,KXIP,SRH,SRH,KXIP,KXIP,field,SRH,N,KXIP,SRH,2018
1136596,Hyderabad,Rashid Khan,SRH,DC,SRH,DC,DC,bat,SRH,N,DD,SRH,2018
1136599,Hyderabad,KS Williamson,SRH,RCB,SRH,RCB,RCB,field,SRH,N,SRH,RCB,2018
1136614,Hyderabad,CA Lynn,KKR,SRH,SRH,KKR,SRH,bat,KKR,N,KKR,SRH,2018
1175363,Hyderabad,Rashid Khan,SRH,RR,SRH,RR,RR,bat,SRH,N,RR,SRH,2019
1175366,Hyderabad,JM Bairstow,SRH,RCB,SRH,RCB,RCB,field,SRH,N,SRH,RCB,2019
1178394,Hyderabad,AS Joseph,MI,SRH,SRH,MI,SRH,field,MI,N,SRH,MI,2019
1178405,Hyderabad,KMA Paul,DC,SRH,SRH,DC,SRH,field,DC,N,DC,SRH,2019
1178408,Hyderabad,DA Warner,SRH,CSK,SRH,CSK,CSK,bat,SRH,N,SRH,CSK,2019
1178413,Hyderabad,KK Ahmed,SRH,KKR,SRH,KKR,SRH,field,SRH,N,KKR,SRH,2019
1178423,Hyderabad,DA Warner,SRH,KXIP,SRH,KXIP,KXIP,field,SRH,N,SRH,KXIP,2019
1181768,Hyderabad,JJ Bumrah,MI,CSK,MI,CSK,MI,bat,MI,N,MI,CSK,2019
501254,Indore,KD Karthik,KXIP,KTK,KTK,KXIP,KXIP,field,KXIP,N,KXIP,KTK,2011
501258,Indore,BJ Hodge,KTK,RR,KTK,RR,KTK,field,KTK,N,RR,KTK,2011
1082594,Indore,GJ Maxwell,KXIP,Pune,KXIP,Pune,KXIP,field,KXIP,N,KXIP,Pune,2017
1082598,Indore,AR Patel,KXIP,RCB,KXIP,RCB,RCB,bat,KXIP,N,RCB,KXIP,2017
1082612,Indore,JC Buttler,MI,KXIP,KXIP,MI,MI,field,MI,N,MI,KXIP,2017
1136594,Indore,SA Yadav,MI,KXIP,KXIP,MI,MI,field,MI,N,MI,KXIP,2018
1136598,Indore,Mujeeb Ur Rahman,KXIP,RR,KXIP,RR,KXIP,field,KXIP,N,RR,KXIP,2018
1136604,Indore,SP Narine,KKR,KXIP,KXIP,KKR,KXIP,field,KKR,N,KKR,KXIP,2018
1136608,Indore,UT Yadav,RCB,KXIP,KXIP,RCB,RCB,field,RCB,N,KXIP,RCB,2018
335987,Jaipur,SR Watson,RR,KXIP,RR,KXIP,KXIP,bat,RR,N,KXIP,RR,2008
336000,Jaipur,SA Asnodkar,RR,KKR,RR,KKR,RR,bat,RR,N,RR,KKR,2008
336005,Jaipur,Sohail Tanvir,RR,CSK,RR,CSK,CSK,bat,RR,N,CSK,RR,2008
336011,Jaipur,YK Pathan,RR,SRH,RR,SRH,RR,field,RR,N,SRH,RR,2008
336015,Jaipur,SR Watson,RR,DC,RR,DC,RR,field,RR,N,DD,RR,2008
336023,Jaipur,GC Smith,RR,RCB,RR,RCB,RCB,field,RR,N,RR,RCB,2008
336036,Jaipur,Sohail Tanvir,RR,MI,RR,MI,RR,field,RR,N,MI,RR,2008
419143,Jaipur,MJ Lumb,RR,KXIP,RR,KXIP,KXIP,bat,RR,N,RR,KXIP,2010
419150,Jaipur,SR Tendulkar,MI,RR,RR,MI,RR,field,MI,N,MI,RR,2010
419154,Jaipur,KP Pietersen,RCB,RR,RR,RCB,RR,bat,RCB,N,RCB,RR,2010
501204,Jaipur,SK Warne,RR,DC,RR,DC,DC,bat,RR,N,DD,RR,2011
501209,Jaipur,G Gambhir,KKR,RR,RR,KKR,KKR,field,KKR,N,KKR,RR,2011
501225,Jaipur,SK Warne,RR,KTK,RR,KTK,RR,field,RR,N,KTK,RR,2011
501231,Jaipur,J Botha,RR,MI,RR,MI,RR,field,RR,N,MI,RR,2011
501235,Jaipur,LRPL Taylor,RR,Pune,RR,Pune,RR,field,RR,N,RR,Pune,2011
501249,Jaipur,M Vijay,CSK,RR,RR,CSK,RR,field,CSK,N,CSK,RR,2011
501252,Jaipur,S Aravind,RCB,RR,RR,RCB,RCB,field,RCB,N,RR,RCB,2011
548309,Jaipur,AM Rahane,RR,KXIP,RR,KXIP,KXIP,field,RR,N,RR,KXIP,2012
548312,Jaipur,BJ Hodge,RR,KKR,RR,KKR,KKR,field,RR,N,RR,KKR,2012
548326,Jaipur,BJ Hodge,RR,SRH,RR,SRH,SRH,bat,RR,N,SRH,RR,2012
548336,Jaipur,AB de Villiers,RCB,RR,RR,RCB,RR,field,RCB,N,RCB,RR,2012
548349,Jaipur,P Negi,DD,RR,RR,DC,RR,bat,DC,N,RR,DD,2012
548361,Jaipur,BW Hilfenhaus,CSK,RR,RR,CSK,CSK,field,CSK,N,RR,CSK,2012
548365,Jaipur,A Chandila,RR,Pune,RR,Pune,RR,bat,RR,N,Pune,RR,2012
548377,Jaipur,DR Smith,MI,RR,RR,MI,RR,bat,MI,N,MI,RR,2012
598005,Jaipur,SK Trivedi,RR,KKR,RR,KKR,KKR,field,RR,N,KKR,RR,2013
598014,Jaipur,JP Faulkner,RR,KXIP,RR,KXIP,RR,field,RR,N,KXIP,RR,2013
598019,Jaipur,AM Rahane,RR,MI,RR,MI,RR,bat,RR,N,RR,MI,2013
598032,Jaipur,JP Faulkner,RR,SRH,RR,SRH,SRH,bat,RR,N,SRH,RR,2013
598036,Jaipur,SV Samson,RR,RCB,RR,RCB,RR,field,RR,N,RR,RCB,2013
598047,Jaipur,AM Rahane,RR,Pune,RR,Pune,Pune,bat,RR,N,RR,Pune,2013
598049,Jaipur,AM Rahane,RR,DC,RR,DC,DC,bat,RR,N,RR,DD,2013
598058,Jaipur,SR Watson,RR,CSK,RR,CSK,RR,field,RR,N,CSK,RR,2013
1136566,Jaipur,SV Samson,RR,DC,RR,DC,DC,field,RR,N,RR,DD,2018
1136575,Jaipur,N Rana,KKR,RR,RR,KKR,KKR,field,KKR,N,RR,KKR,2018
1136581,Jaipur,JC Archer,RR,MI,RR,MI,MI,bat,RR,N,MI,RR,2018
1136588,Jaipur,KS Williamson,SRH,RR,RR,SRH,SRH,bat,SRH,N,SRH,RR,2018
1136600,Jaipur,JC Buttler,RR,KXIP,RR,KXIP,RR,bat,RR,N,RR,KXIP,2018
1136603,Jaipur,JC Buttler,RR,CSK,RR,CSK,CSK,bat,RR,N,RR,CSK,2018
1136613,Jaipur,S Gopal,RR,RCB,RR,RCB,RR,bat,RR,N,RCB,RR,2018
1175359,Jaipur,CH Gayle,KXIP,RR,RR,KXIP,RR,field,KXIP,N,KXIP,RR,2019
1175369,Jaipur,S Gopal,RR,RCB,RR,RCB,RR,field,RR,N,RCB,RR,2019
1178396,Jaipur,HF Gurney,KKR,RR,RR,KKR,KKR,field,KKR,N,RR,KKR,2019
1178400,Jaipur,MS Dhoni,CSK,RR,RR,CSK,CSK,field,CSK,N,CSK,RR,2019
1178411,Jaipur,SPD Smith,RR,MI,RR,MI,RR,field,RR,N,RR,MI,2019
1178415,Jaipur,RR Pant,DC,RR,RR,DC,DC,field,DC,N,DC,RR,2019
1178420,Jaipur,JD Unadkat,RR,SRH,RR,SRH,RR,field,RR,N,SRH,RR,2019
392206,Johannesburg,SB Jakati,CSK,DC,CSK,DC,DC,field,CSK,N,DD,CSK,2009
392208,Johannesburg,JH Kallis,RCB,MI,RCB,MI,MI,bat,RCB,N,MI,RCB,2009
392219,Johannesburg,A Mishra,DD,DC,DC,KKR,DC,field,DC,N,KKR,DD,2009
392228,Johannesburg,RG Sharma,SRH,KKR,SRH,KKR,SRH,field,SRH,N,SRH,KKR,2009
392229,Johannesburg,Yuvraj Singh,KXIP,SRH,SRH,KXIP,SRH,field,KXIP,N,KXIP,SRH,2009
392232,Johannesburg,JH Kallis,RCB,DC,RCB,DC,DC,bat,RCB,N,RCB,DD,2009
392238,Johannesburg,MK Pandey,RCB,CSK,RCB,CSK,RCB,field,RCB,N,RCB,CSK,2009
392239,Johannesburg,A Kumble,RCB,SRH,RCB,SRH,RCB,field,SRH,N,SRH,RCB,2009
981001,Kanpur,DR Smith,GL,KKR,GL,KKR,GL,field,GL,N,KKR,GL,2016
981007,Kanpur,SK Raina,GL,MI,GL,MI,GL,field,GL,N,GL,MI,2016
1082640,Kanpur,SS Iyer,DD,GL,GL,DC,DC,field,DC,N,DD,GL,2017
1082643,Kanpur,Mohammed Siraj,SRH,GL,GL,SRH,SRH,field,SRH,N,GL,SRH,2017
392216,Kimberley,DPMD Jayawardene,KXIP,SRH,SRH,KXIP,KXIP,field,KXIP,N,KXIP,SRH,2009
392217,Kimberley,S Badrinath,CSK,RR,CSK,RR,RR,bat,CSK,N,CSK,RR,2009
392220,Kimberley,DR Smith,SRH,RR,SRH,RR,SRH,bat,SRH,N,SRH,RR,2009
501200,Kochi,AB de Villiers,RCB,KTK,KTK,RCB,KTK,bat,RCB,N,RCB,KTK,2011
501215,Kochi,BB McCullum,KTK,CSK,KTK,CSK,KTK,field,KTK,N,KTK,CSK,2011
501229,Kochi,I Sharma,SRH,KTK,KTK,SRH,KTK,field,SRH,N,KTK,SRH,2011
501233,Kochi,V Sehwag,DD,KTK,KTK,DC,DC,bat,DC,N,DD,KTK,2011
501242,Kochi,BJ Hodge,KTK,KKR,KTK,KKR,KKR,field,KTK,N,KTK,KKR,2011
335986,Kolkata,DJ Hussey,KKR,SRH,KKR,SRH,SRH,bat,KKR,N,KKR,SRH,2008
335997,Kolkata,ST Jayasuriya,MI,KKR,KKR,MI,KKR,bat,MI,N,KKR,MI,2008
336010,Kolkata,SC Ganguly,KKR,RCB,KKR,RCB,KKR,bat,KKR,N,KKR,RCB,2008
336017,Kolkata,Shoaib Akhtar,KKR,DC,KKR,DC,KKR,bat,KKR,N,DD,KKR,2008
336025,Kolkata,M Ntini,CSK,KKR,KKR,CSK,KKR,bat,CSK,N,KKR,CSK,2008
336027,Kolkata,YK Pathan,RR,KKR,KKR,RR,RR,field,RR,N,RR,KKR,2008
336035,Kolkata,Umar Gul,KKR,KXIP,KKR,KXIP,KXIP,bat,KKR,N,KXIP,KKR,2008
419109,Kolkata,MK Tiwary,KKR,RCB,KKR,RCB,KKR,field,KKR,N,KKR,RCB,2010
419113,Kolkata,MS Dhoni,CSK,KKR,KKR,CSK,CSK,bat,CSK,N,CSK,KKR,2010
419135,Kolkata,SC Ganguly,KKR,SRH,KKR,SRH,KKR,bat,KKR,N,KKR,SRH,2010
419139,Kolkata,DPMD Jayawardene,KXIP,KKR,KKR,KXIP,KKR,bat,KXIP,N,KXIP,KKR,2010
419144,Kolkata,SC Ganguly,KKR,DC,KKR,DC,KKR,bat,KKR,N,KKR,DD,2010
419158,Kolkata,JD Unadkat,KKR,RR,KKR,RR,RR,bat,KKR,N,RR,KKR,2010
419161,Kolkata,M Kartik,KKR,MI,KKR,MI,MI,bat,KKR,N,MI,KKR,2010
501203,Kolkata,JH Kallis,KKR,SRH,KKR,SRH,KKR,bat,KKR,N,KKR,SRH,2011
501214,Kolkata,L Balaji,KKR,RR,KKR,RR,KKR,field,KKR,N,RR,KKR,2011
501219,Kolkata,DPMD Jayawardene,KTK,KKR,KKR,KTK,KKR,field,KTK,N,KTK,KKR,2011
501222,Kolkata,CH Gayle,RCB,KKR,KKR,RCB,RCB,field,RCB,N,KKR,RCB,2011
501234,Kolkata,Iqbal Abdulla,KKR,KXIP,KKR,KXIP,KKR,field,KKR,N,KXIP,KKR,2011
501245,Kolkata,Iqbal Abdulla,KKR,CSK,KKR,CSK,CSK,bat,KKR,N,CSK,KKR,2011
501267,Kolkata,JEC Franklin,MI,KKR,KKR,MI,MI,field,MI,N,MI,KKR,2011
548307,Kolkata,IK Pathan,DD,KKR,KKR,DC,DC,field,DC,N,KKR,DD,2012
548320,Kolkata,Shakib Al Hasan,KKR,RR,KKR,RR,RR,bat,KKR,N,RR,KKR,2012
548323,Kolkata,SP Narine,KKR,KXIP,KKR,KXIP,KKR,field,KXIP,N,KXIP,KKR,2012
548344,Kolkata,G Gambhir,KKR,RCB,KKR,RCB,KKR,bat,KKR,N,KKR,RCB,2012
548353,Kolkata,SP Narine,KKR,Pune,KKR,Pune,KKR,bat,KKR,N,Pune,KKR,2012
548363,Kolkata,RG Sharma,MI,KKR,KKR,MI,MI,bat,MI,N,MI,KKR,2012
548368,Kolkata,MEK Hussey,CSK,KKR,KKR,CSK,CSK,field,CSK,N,CSK,KKR,2012
597998,Kolkata,SP Narine,KKR,DC,KKR,DC,KKR,field,KKR,N,DD,KKR,2013
598013,Kolkata,G Gambhir,KKR,SRH,KKR,SRH,KKR,bat,KKR,N,KKR,SRH,2013
598022,Kolkata,RA Jadeja,CSK,KKR,KKR,CSK,KKR,bat,CSK,N,CSK,KKR,2013
598029,Kolkata,DR Smith,MI,KKR,KKR,MI,KKR,bat,MI,N,MI,KKR,2013
598031,Kolkata,JH Kallis,KKR,KXIP,KKR,KXIP,KXIP,bat,KKR,N,KKR,KXIP,2013
598043,Kolkata,YK Pathan,KKR,RR,KKR,RR,RR,bat,KKR,N,KKR,RR,2013
598072,Kolkata,Harbhajan Singh,MI,RR,MI,RR,RR,bat,MI,N,RR,MI,2013
598073,Kolkata,KA Pollard,MI,CSK,CSK,MI,MI,bat,MI,N,MI,CSK,2013
734023,Kolkata,RV Uthappa,KKR,CSK,KKR,CSK,KKR,field,KKR,N,KKR,CSK,2014
734027,Kolkata,RV Uthappa,KKR,RCB,KKR,RCB,RCB,field,KKR,N,KKR,RCB,2014
734037,Kolkata,YK Pathan,KKR,SRH,KKR,SRH,KKR,field,KKR,N,KKR,SRH,2014
734043,Kolkata,UT Yadav,KKR,KXIP,KXIP,KKR,KXIP,field,KKR,N,KXIP,KKR,2014
829705,Kolkata,M Morkel,KKR,MI,KKR,MI,KKR,field,KKR,N,MI,KKR,2015
829713,Kolkata,CH Gayle,RCB,KKR,KKR,RCB,RCB,field,RCB,N,RCB,KKR,2015
829723,Kolkata,AD Russell,KKR,CSK,KKR,CSK,KKR,field,KKR,N,CSK,KKR,2015
829761,Kolkata,PP Chawla,KKR,DC,KKR,DC,KKR,bat,KKR,N,DD,KKR,2015
829781,Kolkata,UT Yadav,KKR,SRH,KKR,SRH,SRH,field,KKR,N,SRH,KKR,2015
829791,Kolkata,AD Russell,KKR,KXIP,KKR,KXIP,KXIP,bat,KKR,N,KXIP,KKR,2015
829823,Kolkata,RG Sharma,MI,CSK,MI,CSK,CSK,field,MI,N,MI,CSK,2015
980903,Kolkata,AD Russell,KKR,DC,KKR,DC,KKR,field,KKR,N,DD,KKR,2016
980909,Kolkata,RG Sharma,MI,KKR,KKR,MI,MI,field,MI,N,MI,KKR,2016
980963,Kolkata,AD Russell,KKR,KXIP,KKR,KXIP,KXIP,field,KKR,N,KKR,KXIP,2016
980975,Kolkata,P Kumar,GL,KKR,KKR,GL,GL,field,GL,N,KKR,GL,2016
980989,Kolkata,YK Pathan,KKR,Pune,KKR,Pune,Pune,bat,KKR,N,KKR,Pune,2016
980995,Kolkata,V Kohli,RCB,KKR,KKR,RCB,RCB,field,RCB,N,RCB,KKR,2016
981009,Kolkata,YK Pathan,KKR,SRH,KKR,SRH,SRH,field,KKR,N,KKR,SRH,2016
1082601,Kolkata,SP Narine,KKR,KXIP,KKR,KXIP,KKR,field,KKR,N,KKR,KXIP,2017
1082604,Kolkata,RV Uthappa,KKR,SRH,KKR,SRH,SRH,field,KKR,N,KKR,SRH,2017
1082613,Kolkata,SK Raina,GL,KKR,KKR,GL,GL,field,GL,N,KKR,GL,2017
1082617,Kolkata,NM Coulter-Nile,KKR,RCB,KKR,RCB,RCB,field,KKR,N,KKR,RCB,2017
1082622,Kolkata,G Gambhir,KKR,DC,KKR,DC,KKR,field,KKR,N,KKR,DD,2017
1082631,Kolkata,RA Tripathi,Pune,KKR,KKR,Pune,Pune,field,Pune,N,Pune,KKR,2017
1082644,Kolkata,AT Rayudu,MI,KKR,KKR,MI,KKR,field,MI,N,MI,KKR,2017
1136563,Kolkata,SP Narine,KKR,RCB,KKR,RCB,KKR,field,KKR,N,RCB,KKR,2018
1136570,Kolkata,B Stanlake,SRH,KKR,KKR,SRH,SRH,field,SRH,N,KKR,SRH,2018
1136573,Kolkata,N Rana,KKR,DC,KKR,DC,DC,field,KKR,N,KKR,DD,2018
1136578,Kolkata,KL Rahul,KXIP,KKR,KKR,KXIP,KXIP,field,KXIP,N,KXIP,KKR,2018
1136593,Kolkata,SP Narine,KKR,CSK,KKR,CSK,KKR,field,KKR,N,CSK,KKR,2018
1136601,Kolkata,Ishan Kishan,MI,KKR,KKR,MI,KKR,field,MI,N,MI,KKR,2018
1136609,Kolkata,Kuldeep Yadav,KKR,RR,KKR,RR,KKR,field,KKR,N,RR,KKR,2018
1136618,Kolkata,AD Russell,KKR,RR,KKR,RR,RR,field,KKR,N,RR,KKR,2018
1136619,Kolkata,Rashid Khan,SRH,KKR,KKR,SRH,KKR,field,SRH,N,SRH,KKR,2018
1175357,Kolkata,AD Russell,KKR,SRH,KKR,SRH,KKR,field,KKR,N,SRH,KKR,2019
1175361,Kolkata,AD Russell,KKR,KXIP,KKR,KXIP,KXIP,field,KKR,N,KKR,KXIP,2019
1178401,Kolkata,S Dhawan,DC,KKR,KKR,DC,DC,field,DC,N,DC,KKR,2019
1178404,Kolkata,Imran Tahir,CSK,KKR,KKR,CSK,CSK,field,CSK,N,KKR,CSK,2019
1178410,Kolkata,V Kohli,RCB,KKR,KKR,RCB,KKR,field,RCB,N,RCB,KKR,2019
1178418,Kolkata,VR Aaron,RR,KKR,KKR,RR,RR,field,RR,N,KKR,RR,2019
1178422,Kolkata,AD Russell,KKR,MI,KKR,MI,MI,field,KKR,N,MI,KKR,2019
335985,Mumbai,MV Boucher,RCB,MI,MI,RCB,MI,bat,RCB,N,RCB,MI,2008
335994,Mumbai,AC Gilchrist,SRH,MI,MI,SRH,SRH,field,SRH,N,SRH,MI,2008
336004,Mumbai,SM Pollock,MI,DC,MI,DC,DC,field,MI,N,DD,MI,2008
336008,Mumbai,A Nehra,MI,RR,MI,RR,MI,field,MI,N,RR,MI,2008
336018,Mumbai,ST Jayasuriya,MI,CSK,MI,CSK,MI,field,MI,N,MI,CSK,2008
336021,Mumbai,SM Pollock,MI,KKR,MI,KKR,MI,field,MI,N,KKR,MI,2008
336028,Mumbai,SE Marsh,KXIP,MI,MI,KXIP,MI,field,KXIP,N,KXIP,MI,2008
336038,Mumbai,SR Watson,RR,DC,DC,RR,DC,field,RR,N,RR,DD,2008
336039,Mumbai,M Ntini,CSK,KXIP,CSK,KXIP,KXIP,bat,CSK,N,KXIP,CSK,2008
336040,Mumbai,YK Pathan,RR,CSK,CSK,RR,RR,field,RR,N,RR,CSK,2008
419106,Mumbai,AD Mathews,KKR,SRH,SRH,KKR,SRH,field,KKR,N,SRH,KKR,2010
419107,Mumbai,YK Pathan,RR,MI,MI,RR,MI,bat,MI,N,MI,RR,2010
419119,Mumbai,JH Kallis,RCB,MI,MI,RCB,MI,bat,RCB,N,MI,RCB,2010
419122,Mumbai,SR Tendulkar,MI,KKR,MI,KKR,KKR,bat,MI,N,MI,KKR,2010
419125,Mumbai,SR Tendulkar,MI,CSK,MI,CSK,MI,field,MI,N,MI,CSK,2010
419130,Mumbai,Harbhajan Singh,MI,SRH,SRH,MI,SRH,field,MI,N,SRH,MI,2010
419132,Mumbai,SL Malinga,MI,KXIP,MI,KXIP,MI,field,MI,N,KXIP,MI,2010
419138,Mumbai,AT Rayudu,MI,SRH,MI,SRH,MI,bat,MI,N,MI,SRH,2010
419152,Mumbai,KA Pollard,MI,DC,MI,DC,MI,bat,MI,N,MI,DD,2010
419162,Mumbai,KA Pollard,MI,RCB,RCB,MI,MI,bat,MI,N,MI,RCB,2010
419163,Mumbai,DE Bollinger,CSK,SRH,CSK,SRH,CSK,bat,CSK,N,SRH,CSK,2010
419164,Mumbai,A Kumble,RCB,SRH,RCB,SRH,SRH,bat,RCB,N,SRH,RCB,2010
419165,Mumbai,SK Raina,CSK,MI,CSK,MI,CSK,bat,CSK,N,MI,CSK,2010
501202,Mumbai,SB Wagh,Pune,Pune,Pune,KXIP,KXIP,bat,Pune,N,KXIP,Pune,2011
501207,Mumbai,MD Mishra,Pune,Pune,Pune,KTK,KTK,bat,Pune,N,Pune,KTK,2011
501210,Mumbai,BB McCullum,KTK,MI,MI,KTK,KTK,field,KTK,N,KTK,MI,2011
501213,Mumbai,Yuvraj Singh,Pune,Pune,Pune,DC,DC,field,DC,N,Pune,DD,2011
501218,Mumbai,MM Patel,MI,Pune,MI,Pune,Pune,bat,MI,N,Pune,MI,2011
501221,Mumbai,Harbhajan Singh,MI,CSK,MI,CSK,CSK,field,MI,N,CSK,MI,2011
501228,Mumbai,DE Bollinger,CSK,Pune,Pune,CSK,Pune,bat,CSK,N,Pune,CSK,2011
501237,Mumbai,KA Pollard,MI,KXIP,MI,KXIP,KXIP,field,MI,N,MI,KXIP,2011
501241,Mumbai,R Sharma,Pune,Pune,Pune,MI,Pune,field,MI,N,MI,Pune,2011
501246,Mumbai,AT Rayudu,MI,DC,MI,DC,DC,field,MI,N,MI,DD,2011
501256,Mumbai,A Mishra,SRH,MI,MI,SRH,SRH,bat,SRH,N,SRH,MI,2011
501259,Mumbai,A Mishra,SRH,Pune,Pune,SRH,SRH,field,SRH,N,Pune,SRH,2011
501262,Mumbai,YK Pathan,KKR,Pune,Pune,KKR,KKR,field,KKR,N,Pune,KKR,2011
501263,Mumbai,SR Watson,RR,MI,MI,RR,MI,bat,RR,N,MI,RR,2011
501268,Mumbai,SK Raina,CSK,RCB,RCB,CSK,CSK,field,CSK,N,RCB,CSK,2011
501269,Mumbai,MM Patel,MI,KKR,MI,KKR,MI,field,MI,N,KKR,MI,2011
548308,Mumbai,SPD Smith,Pune,MI,MI,Pune,MI,field,Pune,N,Pune,MI,2012
548317,Mumbai,KA Pollard,MI,RR,MI,RR,RR,field,MI,N,MI,RR,2012
548325,Mumbai,S Nadeem,DD,MI,MI,DC,DC,field,DC,N,MI,DD,2012
548334,Mumbai,SE Marsh,KXIP,MI,MI,KXIP,MI,bat,KXIP,N,KXIP,MI,2012
548346,Mumbai,DW Steyn,SRH,MI,MI,SRH,MI,field,MI,N,MI,SRH,2012
548355,Mumbai,DR Smith,MI,CSK,MI,CSK,MI,field,MI,N,CSK,MI,2012
548360,Mumbai,CH Gayle,RCB,MI,MI,RCB,RCB,field,RCB,N,RCB,MI,2012
548370,Mumbai,SP Narine,KKR,MI,MI,KKR,MI,field,KKR,N,KKR,MI,2012
598006,Mumbai,KD Karthik,MI,DC,MI,DC,MI,bat,MI,N,MI,DD,2013
598011,Mumbai,RG Sharma,MI,Pune,MI,Pune,MI,bat,MI,N,MI,Pune,2013
598033,Mumbai,DR Smith,MI,RCB,MI,RCB,MI,bat,MI,N,MI,RCB,2013
598037,Mumbai,RG Sharma,MI,KXIP,MI,KXIP,MI,bat,MI,N,MI,KXIP,2013
598046,Mumbai,MG Johnson,MI,CSK,MI,CSK,MI,bat,MI,N,CSK,MI,2013
598050,Mumbai,SR Tendulkar,MI,KKR,MI,KKR,MI,bat,MI,N,MI,KKR,2013
598060,Mumbai,KA Pollard,MI,SRH,MI,SRH,SRH,bat,MI,N,MI,SRH,2013
598063,Mumbai,AP Tare,MI,RR,MI,RR,RR,field,MI,N,MI,RR,2013
733973,Mumbai,CJ Anderson,MI,KXIP,MI,KXIP,KXIP,bat,MI,N,KXIP,MI,2014
733983,Mumbai,RG Sharma,MI,RCB,MI,RCB,RCB,field,MI,N,RCB,MI,2014
733995,Mumbai,DR Smith,CSK,MI,MI,CSK,CSK,field,CSK,N,CSK,MI,2014
734031,Mumbai,MEK Hussey,MI,DC,MI,DC,DC,field,MI,N,MI,DD,2014
734041,Mumbai,CJ Anderson,MI,RR,MI,RR,MI,field,MI,N,RR,MI,2014
734045,Mumbai,SK Raina,CSK,MI,CSK,MI,CSK,field,CSK,N,CSK,MI,2014
734047,Mumbai,V Sehwag,KXIP,CSK,CSK,KXIP,CSK,field,KXIP,N,KXIP,CSK,2014
829717,Mumbai,GJ Bailey,KXIP,MI,MI,KXIP,MI,field,KXIP,N,KXIP,MI,2015
829729,Mumbai,A Nehra,CSK,MI,MI,CSK,MI,bat,CSK,N,MI,CSK,2015
829751,Mumbai,SL Malinga,MI,SRH,MI,SRH,MI,bat,MI,N,SRH,MI,2015
829769,Mumbai,AT Rayudu,MI,RR,MI,RR,RR,field,MI,N,MI,RR,2015
829777,Mumbai,AM Rahane,RR,DC,RR,DC,DC,field,RR,N,RR,DD,2015
829783,Mumbai,Harbhajan Singh,MI,DC,MI,DC,DC,bat,MI,N,DD,MI,2015
829787,Mumbai,EJG Morgan,SRH,RR,RR,SRH,RR,field,SRH,N,SRH,RR,2015
829795,Mumbai,AB de Villiers,RCB,MI,MI,RCB,RCB,bat,RCB,N,RCB,MI,2015
829805,Mumbai,HH Pandya,MI,KKR,MI,KKR,KKR,field,MI,N,MI,KKR,2015
829811,Mumbai,SR Watson,RR,KKR,RR,KKR,RR,bat,RR,N,RR,KKR,2015
829817,Mumbai,KA Pollard,MI,CSK,CSK,MI,MI,bat,MI,N,CSK,MI,2015
980901,Mumbai,AM Rahane,Pune,MI,MI,Pune,MI,bat,Pune,N,Pune,MI,2016
980917,Mumbai,AJ Finch,GL,MI,MI,GL,GL,field,GL,N,GL,MI,2016
980927,Mumbai,RG Sharma,MI,RCB,MI,RCB,MI,field,MI,N,MI,RCB,2016
980947,Mumbai,RG Sharma,MI,KKR,MI,KKR,MI,field,MI,N,MI,KKR,2016
1082597,Mumbai,N Rana,MI,KKR,MI,KKR,MI,field,MI,N,MI,KKR,2017
1082600,Mumbai,JJ Bumrah,MI,SRH,MI,SRH,MI,field,MI,N,SRH,MI,2017
1082606,Mumbai,N Rana,MI,GL,MI,GL,MI,field,MI,N,MI,GL,2017
1082614,Mumbai,MJ McClenaghan,MI,DC,MI,DC,DC,field,MI,N,DD,MI,2017
1082618,Mumbai,BA Stokes,Pune,MI,MI,Pune,MI,field,Pune,N,Pune,MI,2017
1082628,Mumbai,RG Sharma,MI,RCB,MI,RCB,RCB,bat,MI,N,MI,RCB,2017
1082641,Mumbai,WP Saha,KXIP,MI,MI,KXIP,MI,field,KXIP,N,KXIP,MI,2017
1082647,Mumbai,Washington Sundar,Pune,MI,MI,Pune,MI,field,Pune,N,MI,Pune,2017
1136561,Mumbai,DJ Bravo,CSK,MI,MI,CSK,CSK,field,CSK,N,MI,CSK,2018
1136569,Mumbai,JJ Roy,DD,MI,MI,DC,DC,field,DC,N,DD,MI,2018
1136574,Mumbai,RG Sharma,MI,RCB,MI,RCB,RCB,field,MI,N,MI,RCB,2018
1136583,Mumbai,Rashid Khan,SRH,MI,MI,SRH,MI,field,SRH,N,MI,SRH,2018
1136597,Mumbai,HH Pandya,MI,KKR,MI,KKR,KKR,field,MI,N,KKR,MI,2018
1136607,Mumbai,JC Buttler,RR,MI,MI,RR,RR,field,RR,N,RR,MI,2018
1136610,Mumbai,JJ Bumrah,MI,KXIP,MI,KXIP,KXIP,field,MI,N,KXIP,MI,2018
1136617,Mumbai,F du Plessis,CSK,SRH,SRH,CSK,CSK,field,CSK,N,CSK,SRH,2018
1136620,Mumbai,SR Watson,CSK,SRH,CSK,SRH,CSK,field,CSK,N,CSK,SRH,2018
1175358,Mumbai,RR Pant,DC,MI,MI,DC,MI,field,DC,N,DC,MI,2019
1175370,Mumbai,HH Pandya,MI,CSK,MI,CSK,CSK,field,MI,N,MI,CSK,2019
1178399,Mumbai,KA Pollard,MI,KXIP,MI,KXIP,MI,field,MI,N,MI,KXIP,2019
1178402,Mumbai,JC Buttler,RR,MI,MI,RR,RR,field,RR,N,RR,MI,2019
1178406,Mumbai,SL Malinga,MI,RCB,MI,RCB,MI,field,MI,N,RCB,MI,2019
1178426,Mumbai,JJ Bumrah,MI,SRH,MI,SRH,MI,bat,MI,Y,SRH,MI,2019
1178431,Mumbai,HH Pandya,MI,KKR,MI,KKR,MI,field,MI,N,KKR,MI,2019
419141,Nagpur,SK Warne,RR,SRH,SRH,RR,RR,bat,RR,N,RR,SRH,2010
419147,Nagpur,RJ Harris,SRH,CSK,SRH,CSK,CSK,bat,SRH,N,CSK,SRH,2010
419151,Nagpur,Harmeet Singh,SRH,RCB,SRH,RCB,RCB,field,SRH,N,RCB,SRH,2010
392185,Port Elizabeth,M Muralitharan,CSK,RCB,RCB,CSK,CSK,bat,CSK,N,RCB,CSK,2009
392194,Port Elizabeth,TM Dilshan,DD,RCB,RCB,DC,RCB,bat,DC,N,DD,RCB,2009
392197,Port Elizabeth,SR Tendulkar,MI,KKR,KKR,MI,MI,bat,MI,N,MI,KKR,2009
392205,Port Elizabeth,YK Pathan,RR,SRH,SRH,RR,SRH,bat,RR,N,SRH,RR,2009
392207,Port Elizabeth,DPMD Jayawardene,KXIP,KKR,KXIP,KKR,KKR,bat,KXIP,N,KXIP,KKR,2009
392218,Port Elizabeth,JP Duminy,MI,RCB,RCB,MI,MI,bat,MI,N,MI,RCB,2009
392227,Port Elizabeth,ML Hayden,CSK,MI,CSK,MI,MI,bat,CSK,N,CSK,MI,2009
548313,Pune,MN Samuels,Pune,Pune,Pune,KXIP,Pune,bat,Pune,N,Pune,KXIP,2012
548322,Pune,JD Ryder,Pune,Pune,Pune,CSK,CSK,bat,Pune,N,Pune,CSK,2012
548337,Pune,V Sehwag,DD,Pune,Pune,DC,Pune,bat,DC,N,DD,Pune,2012
548341,Pune,CL White,SRH,Pune,Pune,SRH,SRH,bat,SRH,N,SRH,Pune,2012
548351,Pune,SL Malinga,MI,Pune,Pune,MI,MI,bat,MI,N,MI,Pune,2012
548358,Pune,SR Watson,RR,Pune,Pune,RR,Pune,bat,RR,N,RR,Pune,2012
548362,Pune,CH Gayle,RCB,Pune,Pune,RCB,Pune,field,RCB,N,RCB,Pune,2012
548375,Pune,Shakib Al Hasan,KKR,Pune,Pune,KKR,KKR,bat,KKR,N,KKR,Pune,2012
548378,Pune,YK Pathan,KKR,DC,DC,KKR,KKR,bat,KKR,N,KKR,DD,2012
598003,Pune,M Vohra,KXIP,Pune,Pune,KXIP,Pune,bat,KXIP,N,KXIP,Pune,2013
598009,Pune,AJ Finch,Pune,Pune,Pune,RR,RR,bat,Pune,N,Pune,RR,2013
598018,Pune,A Mishra,SRH,Pune,Pune,SRH,Pune,field,SRH,N,SRH,Pune,2013
598038,Pune,MS Dhoni,CSK,Pune,Pune,CSK,CSK,bat,CSK,N,CSK,Pune,2013
598042,Pune,AB de Villiers,RCB,Pune,Pune,RCB,RCB,bat,RCB,N,RCB,Pune,2013
598053,Pune,G Gambhir,KKR,Pune,Pune,KKR,KKR,bat,KKR,N,KKR,Pune,2013
598055,Pune,MG Johnson,MI,Pune,Pune,MI,Pune,bat,MI,N,Pune,MI,2013
598067,Pune,LJ Wright,Pune,Pune,Pune,DC,Pune,bat,Pune,N,Pune,DD,2013
829709,Pune,JP Faulkner,RR,KXIP,KXIP,RR,KXIP,field,RR,N,RR,KXIP,2015
829725,Pune,MA Agarwal,DD,KXIP,KXIP,DC,KXIP,bat,DC,N,DD,KXIP,2015
829733,Pune,AD Russell,KKR,KXIP,KXIP,KKR,KKR,field,KKR,N,KXIP,KKR,2015
829819,Pune,AB de Villiers,RCB,RR,RCB,RR,RCB,bat,RCB,N,RCB,RR,2015
980931,Pune,AB de Villiers,RCB,Pune,Pune,RCB,Pune,field,RCB,N,RCB,Pune,2016
980939,Pune,SA Yadav,KKR,Pune,Pune,KKR,KKR,field,KKR,N,KKR,Pune,2016
980949,Pune,DR Smith,GL,Pune,Pune,GL,GL,field,GL,N,GL,Pune,2016
980957,Pune,RG Sharma,MI,Pune,Pune,MI,MI,field,MI,N,MI,Pune,2016
1082592,Pune,SPD Smith,Pune,Pune,Pune,MI,Pune,field,Pune,N,Pune,MI,2017
1082599,Pune,SV Samson,DD,Pune,Pune,DC,Pune,field,DC,N,DD,Pune,2017
1082615,Pune,MS Dhoni,Pune,Pune,Pune,SRH,Pune,field,Pune,N,Pune,SRH,2017
1082620,Pune,RV Uthappa,KKR,Pune,Pune,KKR,KKR,field,KKR,N,KKR,Pune,2017
1082624,Pune,LH Ferguson,Pune,Pune,Pune,RCB,RCB,field,Pune,N,RCB,Pune,2017
1082629,Pune,BA Stokes,Pune,Pune,Pune,GL,Pune,field,Pune,N,GL,Pune,2017
1082645,Pune,JD Unadkat,Pune,Pune,Pune,KXIP,Pune,field,Pune,N,KXIP,Pune,2017
1136577,Pune,SR Watson,CSK,RR,CSK,RR,RR,field,CSK,N,RR,CSK,2018
1136587,Pune,RG Sharma,MI,CSK,CSK,MI,MI,field,MI,N,MI,CSK,2018
1136590,Pune,SR Watson,CSK,DC,CSK,DC,DC,field,CSK,N,CSK,DD,2018
1136595,Pune,RA Jadeja,CSK,RCB,CSK,RCB,CSK,field,CSK,N,RCB,CSK,2018
1136606,Pune,AT Rayudu,CSK,SRH,CSK,SRH,CSK,field,CSK,N,CSK,SRH,2018
1136616,Pune,L Ngidi,CSK,KXIP,CSK,KXIP,CSK,field,CSK,N,KXIP,CSK,2018
598035,Raipur,DA Warner,DD,DC,DC,Pune,Pune,field,DC,N,DD,Pune,2013
598040,Raipur,DA Warner,DD,DC,DC,KKR,KKR,bat,DC,N,DD,KKR,2013
829793,Raipur,MC Henriques,SRH,DC,DC,SRH,SRH,bat,SRH,N,DD,SRH,2015
829801,Raipur,Z Khan,DD,DC,DC,CSK,CSK,bat,DC,N,CSK,DD,2015
981003,Raipur,KK Nair,DD,DC,DC,SRH,DC,field,DC,N,DD,SRH,2016
981011,Raipur,V Kohli,RCB,DC,DC,RCB,RCB,field,RCB,N,RCB,DD,2016
980911,Rajkot,AJ Finch,GL,Pune,GL,Pune,Pune,bat,GL,N,GL,Pune,2016
980929,Rajkot,B Kumar,SRH,GL,GL,SRH,SRH,field,SRH,N,GL,SRH,2016
980937,Rajkot,V Kohli,RCB,GL,GL,RCB,RCB,bat,GL,N,RCB,GL,2016
980955,Rajkot,AR Patel,KXIP,GL,GL,KXIP,GL,field,KXIP,N,GL,KXIP,2016
980961,Rajkot,RR Pant,DD,GL,GL,DC,DC,field,DC,N,DD,GL,2016
1082593,Rajkot,CA Lynn,KKR,GL,GL,KKR,KKR,field,KKR,N,KKR,GL,2017
1082603,Rajkot,AJ Tye,GL,Pune,GL,Pune,GL,field,GL,N,Pune,GL,2017
1082610,Rajkot,CH Gayle,RCB,GL,GL,RCB,GL,field,RCB,N,RCB,GL,2017
1082616,Rajkot,HM Amla,KXIP,GL,GL,KXIP,GL,field,KXIP,N,KXIP,GL,2017
1082625,Rajkot,KH Pandya,MI,GL,GL,MI,GL,bat,MI,Y,GL,MI,2017
598057,Ranchi,JH Kallis,KKR,RCB,KKR,RCB,KKR,field,KKR,N,KKR,RCB,2013
598061,Ranchi,MK Pandey,Pune,KKR,KKR,Pune,KKR,field,Pune,N,Pune,KKR,2013
733971,Ranchi,RA Jadeja,CSK,KKR,CSK,KKR,CSK,bat,CSK,N,KKR,CSK,2014
734003,Ranchi,RA Jadeja,CSK,RR,CSK,RR,RR,bat,CSK,N,RR,CSK,2014
734013,Ranchi,AB de Villiers,RCB,CSK,CSK,RCB,CSK,bat,RCB,N,RCB,CSK,2014
734029,Ranchi,DA Warner,SRH,CSK,CSK,SRH,SRH,field,SRH,N,SRH,CSK,2014
829821,Ranchi,A Nehra,CSK,RCB,CSK,RCB,CSK,field,CSK,N,RCB,CSK,2015
1216495,Sharjah,S Nadeem,SRH,MI,MI,SRH,SRH,field,SRH,N,MI,SRH,2020
1216496,Sharjah,SV Samson,RR,CSK,RR,CSK,CSK,field,RR,N,RR,CSK,2020
1216500,Sharjah,R Ashwin,DC,RR,DC,RR,RR,field,DC,N,DC,RR,2020
1216502,Sharjah,Sandeep Sharma,SRH,RCB,RCB,SRH,SRH,field,SRH,N,RCB,SRH,2020
1216509,Sharjah,S Dhawan,DC,CSK,CSK,DC,CSK,bat,DC,N,DC,CSK,2020
1216515,Sharjah,SS Iyer,DC,KKR,DC,KKR,KKR,field,DC,N,DC,KKR,2020
1216520,Sharjah,CH Gayle,KXIP,KKR,KKR,KXIP,KXIP,field,KXIP,N,KXIP,KKR,2020
1216521,Sharjah,TA Boult,MI,CSK,CSK,MI,MI,field,MI,N,CSK,MI,2020
1216527,Sharjah,SV Samson,RR,KXIP,KXIP,RR,RR,field,RR,N,RR,KXIP,2020
1216531,Sharjah,KL Rahul,KXIP,RCB,RCB,KXIP,RCB,bat,KXIP,N,KXIP,RCB,2020
1216538,Sharjah,TA Boult,MI,SRH,MI,SRH,MI,bat,MI,N,SRH,MI,2020
1216540,Sharjah,AB de Villiers,RCB,KKR,RCB,KKR,RCB,bat,RCB,N,RCB,KKR,2020
548311,Visakhapatnam,RA Jadeja,CSK,SRH,SRH,CSK,SRH,field,CSK,N,CSK,SRH,2012
548314,Visakhapatnam,RG Sharma,MI,SRH,SRH,MI,SRH,bat,MI,N,MI,SRH,2012
829727,Visakhapatnam,AM Rahane,RR,SRH,SRH,RR,RR,field,RR,N,RR,SRH,2015
829731,Visakhapatnam,JP Duminy,DD,SRH,SRH,DC,DC,bat,DC,N,DD,SRH,2015
829743,Visakhapatnam,DA Warner,SRH,KKR,SRH,KKR,KKR,field,SRH,N,SRH,KKR,2015
980973,Visakhapatnam,A Nehra,SRH,MI,MI,SRH,MI,field,SRH,N,MI,SRH,2016
980979,Visakhapatnam,A Zampa,Pune,Pune,Pune,SRH,SRH,bat,SRH,N,SRH,Pune,2016
980985,Visakhapatnam,MP Stoinis,KXIP,MI,MI,KXIP,MI,bat,KXIP,N,MI,KXIP,2016
980993,Visakhapatnam,KH Pandya,MI,DC,MI,DC,DC,field,MI,N,MI,DD,2016
980997,Visakhapatnam,AB Dinda,Pune,Pune,Pune,DC,Pune,field,Pune,N,DD,Pune,2016
981005,Visakhapatnam,MS Dhoni,Pune,Pune,Pune,KXIP,KXIP,bat,Pune,N,Pune,KXIP,2016
1181766,Visakhapatnam,RR Pant,DC,SRH,DC,SRH,DC,field,DC,N,DC,SRH,2019
1181767,Visakhapatnam,F du Plessis,CSK,DC,CSK,DC,CSK,field,CSK,N,CSK,DC,2019
